id,domain,status,purchase_price,renewal_price,attractiveness,demand,length,registrar,created_at,expires_at,status_verified_at
ee29a3fe-5c66-4403-bc4d-71e9698aab95,puppies.porn,available,51.95,98.53,low,low,7,spaceship,,,30/09/2026 00:00
4f3e12af-ba64-4011-aaab-6377ec64fcd8,visualization.porn,available,51.95,98.53,high,low,13,spaceship,,,02/10/2026 01:37
8c1fc79e-4174-4aba-9a4d-47d20149effe,revolutions.porn,available,69.98,154.98,medium,low,11,namecheap,,,20/09/2026 15:34
a36d1e4f-0f8b-4f6d-a1f4-2dc1fcd2df1b,darter.porn,available,69.98,154.98,medium,low,6,namecheap,,,19/09/2026 08:19
f003edb9-e482-4819-be48-011ec72c831e,juniper.porn,available,51.95,98.53,high,low,7,spaceship,,,03/10/2026 00:55
41636c6a-0be7-4d75-9dbf-d1ad6e59992e,easton.porn,available,69.98,154.98,high,low,6,namecheap,,,25/09/2026 16:33
636f918a-850e-448c-81c4-c7b6d1d389ad,dreaming.porn,available,69.98,154.98,high,low,8,namecheap,,,24/09/2026 23:58
3610ee86-2174-4cb2-8b21-2c64299e33f5,unload.porn,available,51.95,98.53,high,low,6,spaceship,,,29/09/2026 08:24
e63d6540-8840-4bad-9ebc-221e45953c9e,spokesman.porn,available,52.01,98.35,high,low,9,porkbun,,,29/09/2026 08:06
3f65bb77-2298-4a8c-a695-7302798a24d9,bouffant.porn,available,69.98,154.98,high,low,8,namecheap,,,10/08/2026 21:32
981566c9-23d7-47bc-bd36-f6d18315557c,histrion.porn,available,69.98,154.98,high,low,8,namecheap,,,11/09/2026 13:07
775d75ea-3f32-4db6-8264-dabf5e5a7c8d,petitioner.porn,available,69.98,154.98,medium,low,10,namecheap,,,11/09/2026 03:30
0b9df2cf-e2a3-4042-8756-642f5894feed,nomadic.porn,available,69.98,154.98,high,low,7,namecheap,,,25/08/2026 02:19
d7c01f3c-2b57-4c68-a842-79bad0679cc6,iona.porn,available,51.95,98.53,high,low,4,spaceship,,,29/09/2026 22:09
4919b18b-ce23-4113-92e2-b18ea87c1bb9,incorporated.porn,available,52.01,98.35,medium,low,12,porkbun,,,28/09/2026 22:28
6e91f7e9-8f8a-4730-8d2d-d99ae0fabba1,angiology.porn,available,69.98,154.98,medium,low,9,namecheap,,,19/09/2026 06:13
e0def7ba-13df-4a17-8cda-8f2252a7135b,sigmoidal.porn,available,69.98,154.98,high,medium,9,namecheap,,,10/09/2026 07:59
6f74093b-94a8-4cca-a7cc-a7f824769eee,anorexia.porn,available,69.98,154.98,medium,low,8,namecheap,,,19/09/2026 11:46
e3731a4e-14e0-45f7-a844-522a08ec61c1,sophistic.porn,available,69.98,154.98,medium,low,9,namecheap,,,10/09/2026 14:15
7a9355f7-8b90-4c74-ae76-6b06cd5b8e6d,headlights.porn,available,69.98,154.98,medium,low,10,namecheap,,,01/10/2026 00:04
b8ab1b1f-0e8f-4037-a473-9b5ac7488c61,akka.porn,available,69.98,154.98,high,low,4,namecheap,,,16/09/2026 22:23
e70d5840-32bd-4a17-8c8f-63537353cc5f,reverting.porn,available,69.98,154.98,medium,low,9,namecheap,,,09/09/2026 15:58
a5659fa9-2ab8-4532-937b-ac1261127ace,fagan.porn,available,95.2,95.2,medium,low,5,cloudflare,,,30/09/2026 05:33
c0f189b7-7c2b-43c5-a389-c10a5f9e197a,hayley.porn,available,95.2,95.2,high,low,6,cloudflare,,,30/09/2026 13:14
b936f1cb-d562-4ac8-aec1-4b75f34d1928,credible.porn,available,69.98,154.98,high,low,8,namecheap,,,09/08/2026 12:56
6ae8bb80-a968-422b-977d-31c6e2460593,cornelia.porn,available,95.2,95.2,medium,low,8,cloudflare,,,28/09/2026 07:53
d71ab0dd-6684-4b01-95aa-e91005cbf824,pocatello.porn,available,51.95,98.53,medium,low,9,spaceship,,,03/10/2026 01:48
96553507-ea2f-4d12-8fb5-a38538d97f05,reinforcement.porn,available,95.2,95.2,medium,low,13,cloudflare,,,29/09/2026 22:51
11474259-a7ae-4f6a-b588-8f8006d940c9,implementing.porn,available,95.2,95.2,medium,low,12,cloudflare,,,01/10/2026 16:36
932480ca-6a65-4736-b4f5-1c1e95f9eb23,sophomore.porn,available,69.98,154.98,high,low,9,namecheap,,,10/09/2026 14:17
9c9a1206-17cc-47b0-96a6-9f5a09b5a6ff,perishable.porn,available,69.98,154.98,high,low,10,namecheap,,,08/09/2026 17:18
704e925a-958e-490e-bead-b8920c679ee7,houdini.porn,available,53.72,101.87,high,low,7,dynadot,,,02/10/2026 15:02
3cd34f28-40fb-4b01-9e44-7b0aa1ee63b0,laborers.porn,available,69.98,154.98,medium,low,8,namecheap,,,02/10/2026 03:32
5768c982-51fb-4729-8964-66051deef9d4,andrei.porn,available,69.98,154.98,high,low,6,namecheap,,,28/09/2026 04:07
9f605fb3-c820-4844-932b-bb9222f963bb,barwood.porn,available,13.98,154.98,medium,low,8,namecheap,,,
5ae7edc5-5570-46b4-868e-fdca1b2fcb71,despised.porn,available,69.98,154.98,medium,low,8,namecheap,,,14/08/2026 04:10
634cb8a5-6cbd-410b-a1d7-825b883a66c5,ivory.porn,available,69.98,154.98,high,low,5,namecheap,,,04/09/2026 01:20
f60f1de9-3a34-46ad-b3bd-bb26b4fed2d3,mishap.porn,available,95.2,95.2,high,low,6,cloudflare,,,02/10/2026 16:07
9ac34b11-4329-4c89-ac0e-5efccd91251d,futures.porn,available,51.95,98.53,high,low,7,spaceship,,,29/09/2026 16:09
e3a0e8a6-4067-40a7-a951-0c5a80c4d631,outward.porn,available,69.98,154.98,high,low,7,namecheap,,,04/09/2026 19:00
d59855bb-391c-4834-8cab-17a43855ff7c,pinball.porn,available,95.2,95.2,high,low,7,cloudflare,,,01/10/2026 21:17
4c90e7ac-ccc2-4d73-90b1-50f5ae2dcc33,current.porn,available,69.98,154.98,high,low,7,namecheap,,,13/08/2026 11:26
ecf86791-a8f3-4cd3-994e-bb983a009c40,pdp.porn,available,51.95,98.53,high,low,3,spaceship,,,28/09/2026 21:36
3ad84ce2-6bb2-4a5c-a13e-8e2258deff37,einstein.porn,available,51.95,98.53,high,low,8,spaceship,,,28/09/2026 20:04
2235365f-4fcb-4d7c-87a4-680700051fdc,appraisal.porn,available,69.98,154.98,high,low,9,namecheap,,,19/09/2026 22:07
35f834ce-944d-4ff5-8b14-29da894887a7,wilton.porn,available,51.95,98.53,high,low,6,spaceship,,,30/09/2026 19:06
4f7e0939-b079-4b25-95de-6680ff847f5d,humanist.porn,available,69.98,154.98,high,low,8,namecheap,,,21/08/2026 14:50
183dd843-fed9-40b5-8547-db65359c1597,hemophilia.porn,available,69.98,154.98,medium,low,10,namecheap,,,24/09/2026 05:26
7a30eed6-e46c-45c7-ae80-e69b97b7e275,expenses.porn,available,95.2,95.2,medium,low,8,cloudflare,,,27/09/2026 22:47
48bf3d85-f0e1-4e64-b8b6-5f588470f829,bespoke.porn,available,69.98,154.98,high,low,7,namecheap,,,09/08/2026 17:25
8e7a880f-b538-4267-b292-1348702e244d,sise.porn,available,69.98,154.98,medium,low,4,namecheap,,,
fd398281-b241-40ce-b5d3-10faf7e1743c,antwerp.porn,available,69.98,154.98,medium,low,7,namecheap,,,19/09/2026 15:48
7a55d09f-0ca0-4cb3-aa8e-3341b64ec924,unbending.porn,available,69.98,154.98,medium,low,9,namecheap,,,12/09/2026 01:48
952dd348-a29b-4ed6-9241-0ce87144acdf,indication.porn,available,69.98,154.98,high,low,10,namecheap,,,24/09/2026 21:52
5c084a9f-f2b9-426f-95fa-5b3d3209e6f8,yielding.porn,available,69.98,154.98,high,low,8,namecheap,,,13/09/2026 14:36
0eb8d77a-a9b2-4b7f-8214-a4a59224abb0,urinate.porn,available,69.98,154.98,medium,low,7,namecheap,,,13/09/2026 09:41
7286472d-c616-413c-b4d1-e5642424511c,jutting.porn,available,69.98,154.98,medium,low,7,namecheap,,,22/08/2026 14:44
924601ca-3af9-411c-b393-03bea99f64d4,shimon.porn,available,51.95,98.53,medium,low,6,spaceship,,,02/10/2026 00:33
62ffb26b-b611-46da-b8d7-effe64addbae,cacophonic.porn,available,69.98,154.98,low,low,10,namecheap,,,11/08/2026 12:33
1b4d09be-5cf9-4e12-b0f7-6090f2998f56,blackfriars.porn,available,69.98,154.98,medium,low,11,namecheap,,,03/10/2026 03:14
977d3196-328d-4e0e-b9d7-51de5260766f,uncanny.porn,available,69.98,154.98,high,low,7,namecheap,,,16/08/2026 02:23
2a865bf3-f0c8-4493-b8ef-5a059e78384d,manuel.porn,available,69.98,154.98,high,low,6,namecheap,,,25/09/2026 15:00
5d3a36f2-8866-431e-96db-5e1ef75f4216,wildly.porn,available,69.98,154.98,medium,low,6,namecheap,,,16/09/2026 11:29
ada81fee-8ddc-455e-8c6e-9601bf010be3,viewers.porn,available,95.2,95.2,high,low,7,cloudflare,,,28/09/2026 20:41
ad06b79f-11d2-4b7b-b8f3-20a9a612a57e,kmt.porn,available,51.95,98.53,medium,low,3,spaceship,,,29/09/2026 22:33
e6a57d03-7ea4-4df5-a365-3de49512b10e,faithless.porn,available,69.98,154.98,medium,low,9,namecheap,,,17/08/2026 21:14
a1297779-2f5d-403f-87fd-a246a316141b,asimina.porn,available,69.98,154.98,medium,low,7,namecheap,,,20/09/2026 14:10
e0f7100a-6767-4834-976b-5eb65daf8989,sluicing.porn,available,69.98,154.98,medium,low,8,namecheap,,,10/09/2026 11:31
532dae44-0cd5-408b-b463-694899972808,ballpen.porn,available,69.98,154.98,medium,low,7,namecheap,,,21/09/2026 23:22
f0fc6166-0671-4660-9917-41d999c6430f,ferment.porn,available,69.98,154.98,high,medium,7,namecheap,,,10/09/2026 14:45
ebd004b8-ed8d-452d-a4fa-72e1da87df7a,mixture.porn,available,69.98,154.98,high,low,7,namecheap,,,25/09/2026 21:57
7e3e7204-b981-4ce9-ab7e-400f871200f1,recycling.porn,available,69.98,154.98,high,low,9,namecheap,,,28/09/2026 20:17
bc1949f9-b7b1-4e30-b9f4-c517981b6323,seaborne.porn,available,69.98,154.98,medium,low,8,namecheap,,,10/09/2026 00:34
a993e7f3-f295-49d3-9d8b-16c830df6cd4,oscine.porn,available,69.98,154.98,medium,low,6,namecheap,,,04/09/2026 18:11
e1689afc-7890-473a-9908-db91b50fddb6,fairbanks.porn,available,99.99,189.99,medium,low,9,godaddy,,,30/09/2026 01:22
4683539c-faec-4db1-bbad-5c6d9c5b2eb6,psychiatric.porn,available,52.01,98.35,medium,low,11,porkbun,,,28/09/2026 15:58
1dc53452-3184-4b5e-b95c-70aa2c4ca10a,lacey.porn,available,95.2,95.2,high,low,5,cloudflare,,,03/10/2026 05:09
d43b24a5-1af9-4841-9e84-1120c94f04de,dispatches.porn,available,95.2,95.2,medium,low,10,cloudflare,,,02/10/2026 04:00
a592111b-6e1f-4fc3-87d9-12a980f5220b,installing.porn,available,51.95,98.53,high,low,10,spaceship,,,30/09/2026 02:00
22539daf-4940-4dd6-88b1-60ddd9622851,jordanian.porn,available,69.98,154.98,high,low,9,namecheap,,,22/08/2026 14:01
3b476be6-6e5f-4862-8e77-003719a537ec,tendered.porn,available,69.98,154.98,medium,low,8,namecheap,,,20/09/2026 16:36
4edc27b9-a9a1-44fd-8d15-218b66402f78,scheduled.porn,available,101.87,101.87,high,low,9,dynadot,,,27/09/2026 18:26
74a77a7c-d8d7-4fbd-8519-9d707acf55a8,germicide.porn,available,69.98,154.98,medium,low,9,namecheap,,,
23ad84f0-e0d0-4c85-97f2-7ab7cfbd4ea0,ahuehuete.porn,available,69.98,154.98,medium,low,9,namecheap,,,17/09/2026 20:34
2132aa62-ce80-4be0-af02-56c3b8c674aa,sunglass.porn,available,69.98,154.98,high,low,8,namecheap,,,30/09/2026 12:22
6ef64bd5-d0af-4aa4-bfac-d81dc337cc5e,throwing.porn,available,69.98,154.98,high,low,8,namecheap,,,27/09/2026 08:46
e0b5a780-8ee9-42e9-a4e9-860325c523ba,tamworth.porn,available,52.01,98.35,medium,low,8,porkbun,,,01/10/2026 23:32
f775c48b-4b3f-4e34-a6ed-3b8c3f264217,embodied.porn,available,69.98,154.98,high,low,8,namecheap,,,16/08/2026 09:35
e48c6619-c716-49d5-9a20-9e689c4e255e,actin.porn,available,69.98,154.98,medium,low,5,namecheap,,,17/09/2026 04:37
9505bd25-cee8-4860-a6fa-413d51b067ef,provoke.porn,available,69.98,154.98,high,low,7,namecheap,,,29/09/2026 22:15
c82613d7-ee9a-4747-872c-aa0d9b578cee,confirms.porn,available,51.95,98.53,medium,low,8,spaceship,,,29/09/2026 05:49
9775d05b-de15-4169-b0a2-0efb7be8cab1,ascending.porn,available,,,high,low,9,,,,
53142db3-599c-4db0-9bdd-02b860b8d600,spiritless.porn,available,69.98,154.98,medium,low,10,namecheap,,,10/09/2026 15:54
abdb5ba5-e8f8-4f99-89c6-1f5343642fe0,lesion.porn,available,69.98,154.98,medium,low,6,namecheap,,,13/09/2026 13:28
6c2988d7-861d-49ce-9f38-d909bc2aa9ff,snack.porn,available,51.95,98.53,high,low,5,spaceship,,,01/10/2026 16:27
166ae896-eb1f-485b-bf6b-a81bd9c450da,defraud.porn,available,69.98,154.98,medium,low,7,namecheap,,,14/09/2026 08:02
611e6091-9d50-4b09-9390-6e931052d637,recite.porn,available,95.2,95.2,high,low,6,cloudflare,,,29/09/2026 20:08
01d311ab-96d0-4539-a147-0139e2d175ae,aerides.porn,available,179.99,179.99,medium,low,7,name.com,,,17/09/2026 12:51
da23b697-28c2-4513-acca-032c855cfc3e,breach.porn,available,95.2,95.2,medium,low,6,cloudflare,,,27/09/2026 11:50
1e579aff-970a-4839-a04c-2cd91a91a5f4,landwards.porn,available,69.98,154.98,medium,low,9,namecheap,,,15/09/2026 10:41
dbacb984-5b20-45a1-b622-1dd996539413,billyo.porn,available,179.99,179.99,medium,low,6,name.com,,,18/09/2026 09:10
b39e083b-239c-4632-aa60-c7a04521f45f,stratified.porn,available,69.98,154.98,medium,low,10,namecheap,,,09/08/2026 06:36
9b37131d-1697-459d-bb3b-9b30d642a640,argues.porn,available,51.95,98.53,medium,low,6,spaceship,,,02/10/2026 13:47
5e04914c-4763-4fd6-b966-0ac31b1e7d76,conservation.porn,available,51.95,98.53,high,low,12,spaceship,,,29/09/2026 23:26
acb2d86c-6651-403e-976e-ce66cb703186,divorced.porn,available,69.98,154.98,medium,low,8,namecheap,,,14/08/2026 14:01
01e054a9-0e95-46ab-8160-b56f0303b5c6,neale.porn,available,51.95,98.53,medium,low,5,spaceship,,,29/09/2026 04:02
a3b19433-dd73-4615-8d36-739cb4450f0b,soyuz.porn,available,51.95,98.53,high,low,5,spaceship,,,29/09/2026 15:02
cda8be56-e695-4c35-8659-be2588eefabb,treating.porn,available,53.72,101.87,high,low,8,dynadot,,,02/10/2026 12:52
d9b23568-fadb-4fa6-b778-c8491fa04cb3,regiment.porn,available,51.95,98.53,medium,low,8,spaceship,,,28/09/2026 20:17
111b7d27-ca39-461a-8083-02b279b9af28,oppose.porn,available,51.95,98.53,high,low,6,spaceship,,,30/09/2026 06:45
494a43a0-af20-493b-b2b5-889e477309c6,publically.porn,available,69.98,154.98,medium,low,10,namecheap,,,15/09/2026 06:33
a3770695-0e2d-4ffa-83f4-46abe5a72d1c,alexandra.porn,available,69.98,154.98,medium,low,9,namecheap,,,27/09/2026 02:30
68871e32-0bfb-48c4-b93a-b48a3b0a733c,wording.porn,available,101.87,101.87,high,low,7,dynadot,,,29/09/2026 08:51
575dfa10-c65f-4b50-b6d0-c44d7f2a7e96,dateless.porn,available,179.99,179.99,medium,low,8,name.com,,,13/08/2026 18:42
a8aad0f6-472a-4a55-aaed-0b5e86a1259c,teachers.porn,available,69.98,154.98,high,low,8,namecheap,,,18/09/2026 18:31
ff3bb62a-fb77-48ab-9e0c-ceb07bcbf2ac,recalled.porn,available,69.98,154.98,medium,low,8,namecheap,,,18/09/2026 02:40
8ce57a64-d434-4cfc-abb8-2dd8752bdc46,healthily.porn,available,69.98,154.98,medium,low,9,namecheap,,,14/09/2026 23:15
7bb7e68d-ff0c-4285-b7c9-ec677eef85e5,attentive.porn,available,179.99,179.99,high,low,9,name.com,,,22/09/2026 11:22
8914b3dd-5914-4c1d-940c-ac6b65497ac1,occipital.porn,available,69.98,154.98,medium,low,9,namecheap,,,04/09/2026 00:11
f8976289-9211-4782-b2b9-8d14c966ada2,amoxil.porn,available,69.98,154.98,medium,low,6,namecheap,,,18/09/2026 22:54
7c9944c7-3ad4-4dee-9d55-9c2be29c19ca,lunchboxes.porn,available,69.98,154.98,medium,low,10,namecheap,,,21/09/2026 09:13
ddb13896-9d3e-46ff-9eb3-847ab0ee47a0,tuition.porn,available,101.87,101.87,high,low,7,dynadot,,,28/09/2026 15:30
2ace85a6-7dd6-4b0b-9fe2-ac6279574ff6,buttocks.porn,available,69.98,154.98,medium,low,8,namecheap,,,09/08/2026 10:25
f3ce967d-0fee-4837-b7e7-9b528acdbfe9,records.porn,available,51.95,98.53,high,low,7,spaceship,,,02/10/2026 21:06
5a47910e-b04e-471c-951d-44e701d84363,territorial.porn,available,51.95,98.53,medium,low,11,spaceship,,,28/09/2026 21:11
76b777e6-8658-4c0b-aa26-b75ec18e2421,hubert.porn,available,69.98,154.98,medium,low,6,namecheap,,,25/09/2026 16:58
befb48ad-ad7d-481c-bdd7-a290a6647288,crested.porn,available,69.98,154.98,high,low,7,namecheap,,,13/08/2026 06:20
7ce9af10-3317-4814-b713-5881abb04daf,golfing.porn,available,51.95,98.53,high,low,7,spaceship,,,03/10/2026 01:01
8aa925d3-9600-49dd-b9f6-c2935d3064a1,wide.porn,available,95.2,95.2,high,low,4,cloudflare,,,02/10/2026 00:19
d6d358cb-a548-4d00-af2e-30131436f021,curious.porn,resell,154.98,,high,low,7,"GoDaddy.com, LLC",21/05/2026 09:10,21/05/2027 09:10,26/09/2026 05:22
18653997-fca1-4a2e-b0d1-8c82c58deea3,trite.porn,available,69.98,154.98,medium,low,5,namecheap,,,08/08/2026 11:19
9d6ba0dd-7972-48be-a6ce-cd89aa192be4,fayetteville.porn,available,69.98,154.98,high,low,12,namecheap,,,28/09/2026 04:16
742a4520-e471-47ca-886e-43f1acb8dde2,variant.porn,available,69.98,154.98,high,low,7,namecheap,,,13/09/2026 01:15
3f731512-b558-410c-9f4d-8c5ae2f06ce3,garment.porn,available,69.98,154.98,high,low,7,namecheap,,,19/09/2026 20:02
4248e53d-0d89-4783-b4c8-aaf83a634c6b,complicated.porn,available,51.95,98.53,high,low,11,spaceship,,,01/10/2026 01:52
5e315abf-255d-4bd4-b7c3-a0e4ae960b50,armando.porn,available,69.98,154.98,medium,low,7,namecheap,,,29/09/2026 11:42
10c05a46-44af-4271-8e00-1447f0bafa46,canon.porn,available,69.98,154.98,high,medium,5,namecheap,,,19/09/2026 11:56
5b4be8eb-ea18-4624-8d1d-722206edadc6,cardboard.porn,available,69.98,154.98,high,low,9,namecheap,,,11/08/2026 18:49
72acffbc-f66c-42e2-9a60-665cc07bb844,agro.porn,available,51.95,98.53,high,low,4,spaceship,,,02/10/2026 17:22
1f20b9f6-6280-49d4-a4a1-0a9eb287060d,miscellany.porn,available,69.98,154.98,medium,low,10,namecheap,,,25/08/2026 08:20
9b2d8d42-d2d1-4728-891a-c22a10fea69f,headfirst.porn,available,69.98,154.98,medium,low,9,namecheap,,,21/08/2026 01:52
78701224-96ae-4bb6-8ab9-9d55b9bae971,celebrated.porn,available,69.98,154.98,high,low,10,namecheap,,,11/08/2026 23:10
4219a29f-d7fb-4e87-9d93-ec7733d803d3,fagot.porn,available,69.98,154.98,medium,low,5,namecheap,,,09/09/2026 07:59
83315d74-e0c1-42f1-84f5-c0af0271a77e,discovering.porn,available,69.98,154.98,medium,low,11,namecheap,,,29/09/2026 10:28
1b85837a-5b10-4826-afdb-940544ae68b7,catoptric.porn,available,69.98,154.98,medium,low,9,namecheap,,,11/08/2026 22:12
4bc801a1-3f59-4283-b309-2e6f350f2b6c,retailed.porn,available,69.98,154.98,medium,low,8,namecheap,,,20/09/2026 16:31
22bb0822-cecc-4575-8d19-6060b34ccdc6,coleoptera.porn,available,101.87,101.87,medium,low,10,dynadot,,,02/10/2026 04:24
d01199fe-e8f4-47b2-a5a7-848d24005681,venushair.porn,available,69.98,154.98,medium,low,9,namecheap,,,17/09/2026 08:07
48fe4f06-faf4-477d-8cff-faae8bb2a806,sideboard.porn,available,69.98,154.98,high,low,9,namecheap,,,24/09/2026 10:55
a025e860-16aa-4bb4-8cbd-2f0adbdc9191,filetypes.porn,available,69.98,154.98,low,low,9,namecheap,,,20/09/2026 01:57
2c684f1d-28a4-43ff-9f21-89dd819d8ddf,labelled.porn,available,69.98,154.98,medium,low,8,namecheap,,,22/08/2026 17:15
884d4145-6264-4bf4-9213-e276ee449a22,distilled.porn,available,51.95,98.53,medium,low,9,spaceship,,,01/10/2026 12:59
ab583d30-653c-42e1-af89-390abbcd2017,charges.porn,available,69.98,154.98,medium,low,7,namecheap,,,25/09/2026 18:37
a2c6f7ad-cb54-4415-aa0f-b053a2b279b1,selenium.porn,available,69.98,154.98,medium,low,8,namecheap,,,20/09/2026 22:53
88a2491f-d02c-442f-bed5-81cad4a7bbfd,crescent.porn,available,69.98,154.98,high,low,8,namecheap,,,13/08/2026 06:14
4a78ca63-d540-4997-8d7f-e21df0532d03,counters.porn,available,101.87,101.87,medium,low,8,dynadot,,,01/10/2026 17:08
ddea2ee6-e848-43ad-a9c6-4804dbe8707e,copies.porn,available,69.98,154.98,medium,low,6,namecheap,,,27/09/2026 09:16
1e5022b2-dd4a-4ba7-aa9d-c385675d6ad4,hooper.porn,available,95.2,95.2,medium,low,6,cloudflare,,,29/09/2026 02:55
675d3177-a39e-4448-a380-3b0072e7681b,windshield.porn,available,51.95,98.53,high,low,10,spaceship,,,29/09/2026 14:08
2cd949a7-cd96-49e9-848a-893a31093233,narrated.porn,available,51.95,98.53,medium,low,8,spaceship,,,02/10/2026 13:47
c199329f-a01b-47ca-ae02-62670696cf1a,recall.porn,available,69.98,154.98,high,low,6,namecheap,,,24/09/2026 11:46
8a8f548e-5f0e-4af3-a310-2e23b89d88bb,sinewy.porn,available,69.98,154.98,medium,low,6,namecheap,,,11/08/2026 02:52
ccda4142-a9d9-4af2-8551-fe323266cdf5,blot.porn,available,53.72,101.87,high,low,4,dynadot,,,02/10/2026 23:36
dd1185df-f7a8-406a-be54-b902d29e991b,flashily.porn,available,69.98,154.98,medium,low,8,namecheap,,,14/09/2026 18:54
07278402-3c54-4ae4-bc00-eca93fab6fce,fearing.porn,available,95.2,95.2,medium,low,7,cloudflare,,,30/09/2026 15:26
345c9f30-de1d-4a22-8bb3-7aa5bd5e975a,spengler.porn,available,51.95,98.53,high,low,8,spaceship,,,03/10/2026 01:44
44dc2a78-45df-49b0-b9a6-9b7d48896eaf,leukaemia.porn,available,69.98,154.98,medium,low,9,namecheap,,,24/09/2026 11:59
f784890d-9299-4386-af34-7c986f8aabff,polyhedral.porn,available,69.98,154.98,medium,low,10,namecheap,,,08/09/2026 23:24
7a6c82d1-00e3-4d76-9f8b-83e01f5e85b1,quimby.porn,available,51.95,98.53,medium,low,6,spaceship,,,03/10/2026 06:02
7f8b1768-3f66-4a6f-8229-2034d54f555a,infirm.porn,available,179.99,179.99,medium,low,6,name.com,,,13/08/2026 20:32
54d2f926-3a29-45f8-b2a8-5dae92d5a73d,sense.porn,available,51.95,98.53,high,medium,5,spaceship,,,29/09/2026 10:28
963e977e-8fa9-4105-89aa-34caaba9badf,hens.porn,available,69.98,154.98,medium,low,4,namecheap,,,01/10/2026 18:16
790099a4-0df3-41f1-ac50-8e145c42d81a,salam.porn,available,51.95,98.53,high,low,5,spaceship,,,01/10/2026 22:51
4769efe5-063c-426e-8b53-412a1a09f0dc,primary.porn,available,69.98,154.98,high,low,7,namecheap,,,27/09/2026 05:41
7799239c-31e4-4133-9640-f7c7943cdb26,holme.porn,available,95.2,95.2,high,low,5,cloudflare,,,02/10/2026 07:11
9f060c06-8307-4020-a66e-ce25849daca7,unqualified.porn,available,52.01,98.35,medium,low,11,porkbun,,,03/10/2026 03:14
e52e26b4-44e6-48d6-8b95-a6c10188081e,ailanthus.porn,available,69.98,154.98,medium,low,9,namecheap,,,17/09/2026 21:07
24cc31bd-5f9c-4798-a18d-b09de1e70c4a,massillon.porn,available,51.95,98.53,medium,low,9,spaceship,,,03/10/2026 04:26
43d4dd7c-f05b-4cef-ac93-87ad119eb817,hebei.porn,available,51.95,98.53,high,low,5,spaceship,,,30/09/2026 01:51
d43fd7a4-0f3c-4127-86f1-dbebf5db267b,flares.porn,available,51.95,98.53,medium,low,6,spaceship,,,01/10/2026 00:40
8b143f99-b5da-4b67-8589-5cd29b2bca3f,races.porn,available,69.98,154.98,medium,low,5,namecheap,,,19/09/2026 00:33
e99540bd-4ede-4513-bcbc-d73425d73d4e,moresque.porn,available,69.98,154.98,medium,low,8,namecheap,,,25/08/2026 06:01
38a698be-3769-4bfe-bdba-e24414d2e8fe,inveterate.porn,available,69.98,154.98,high,low,10,namecheap,,,22/08/2026 09:02
290a9517-f420-4ca2-85d8-021056453419,eyepiece.porn,available,69.98,154.98,medium,low,8,namecheap,,,04/09/2026 00:46
9b1ed772-7d80-4757-88f3-8f4eed79b91c,ministers.porn,available,51.95,98.53,medium,low,9,spaceship,,,29/09/2026 17:05
30f2fe54-6edb-49d6-9331-2e10615588d6,monitoring.porn,available,51.95,98.53,high,low,10,spaceship,,,30/09/2026 05:07
0dd7bd8b-6ab2-410d-b364-fce20b644ab9,distract.porn,available,51.95,98.53,high,low,8,spaceship,,,29/09/2026 16:05
df4ca9c2-2377-4760-b481-706e04b01a78,moscow.porn,available,51.95,98.53,high,low,6,spaceship,,,29/09/2026 07:06
431448e8-be94-45f8-bd2d-4c1f16c77ddb,scattering.porn,available,69.98,154.98,high,low,10,namecheap,,,24/09/2026 22:59
8c4d1d4d-0a3b-45ef-9c6e-b52d54e24e6e,amplitudes.porn,available,95.2,95.2,medium,low,10,cloudflare,,,30/09/2026 00:33
d45528b2-8de4-45f3-9878-ea55d2894d5c,necked.porn,available,69.98,154.98,medium,low,6,namecheap,,,03/09/2026 14:40
7a383ae3-2c75-4cc1-a0fb-4060a735eddc,acreage.porn,available,69.98,154.98,high,low,7,namecheap,,,17/09/2026 02:51
8140f263-c129-4a21-bdeb-e7e1f1e98dbb,juggling.porn,available,95.2,95.2,high,low,8,cloudflare,,,30/09/2026 17:46
850361d3-267e-425d-adf9-57669a7bd0c9,mckay.porn,available,69.98,154.98,high,low,5,namecheap,,,25/09/2026 16:25
16eef19e-df8b-47e6-b955-f04b5fc8b45d,kemper.porn,available,51.95,98.53,high,low,6,spaceship,,,29/09/2026 14:53
fe66ac6e-ba7e-4355-9beb-37cb818d263f,metal.porn,available,69.98,154.98,high,low,5,namecheap,,,25/09/2026 19:55
81e9dbc8-64a9-4cb1-a314-b6c2329c7ad0,restless.porn,available,51.95,98.53,high,low,8,spaceship,,,27/09/2026 12:53
65c958c2-f598-451d-a48a-1bb8bd97c0a9,decaying.porn,available,51.95,98.53,medium,low,8,spaceship,,,01/10/2026 06:00
46d8295b-ea19-4046-8b57-ab45c7341acc,necessarily.porn,available,69.98,154.98,medium,low,11,namecheap,,,01/10/2026 01:47
20bbda10-94dd-421b-9535-3330ae29a8be,crossed.porn,available,69.98,154.98,high,low,7,namecheap,,,13/08/2026 08:18
29483c68-629c-47be-88c8-601caa7d8151,sexless.porn,available,69.98,154.98,medium,low,7,namecheap,,,10/09/2026 05:17
83cd307e-6327-4078-b975-c36824b74268,engineering.porn,available,51.95,98.53,high,low,11,spaceship,,,02/10/2026 00:14
9b2043a8-6ba3-40ea-bb57-42210a321734,gettysburg.porn,available,69.98,154.98,medium,low,10,namecheap,,,22/09/2026 15:05
55bb798e-b388-414d-938c-17696d985849,closeness.porn,available,69.98,154.98,high,low,9,namecheap,,,24/09/2026 15:57
979b0146-02c2-406f-88de-42076e21a9d0,shortcut.porn,available,95.2,95.2,medium,low,8,cloudflare,,,02/10/2026 21:28
9b6b5a18-68d6-4432-8807-e1e53de14afb,successful.porn,available,99.99,189.99,high,low,10,godaddy,,,28/09/2026 01:49
906710b2-3129-4ef4-9678-8187b8de96e0,mart.porn,available,51.95,98.53,high,low,4,spaceship,,,03/10/2026 01:33
95528e30-6844-445b-8af8-ebc4b11a3f6b,mara.porn,available,95.2,95.2,high,low,4,cloudflare,,,29/09/2026 12:05
6009099c-8a65-46b7-97fb-98a819d838d1,parsley.porn,available,51.95,98.53,high,low,7,spaceship,,,02/10/2026 06:00
8e66e15f-30d7-4398-8657-bf3e08a08d33,contacting.porn,available,99.99,189.99,medium,low,10,godaddy,,,01/10/2026 00:49
5b544b1a-bf6f-4531-8032-cead6ab326b0,sportive.porn,available,69.98,154.98,medium,low,8,namecheap,,,12/08/2026 18:10
eecf184e-c1ee-49ef-a243-f3a3a8582db3,malamud.porn,available,69.98,154.98,medium,low,7,namecheap,,,23/09/2026 09:50
a9462231-75ee-455f-8c64-e19d1687d027,chestnuts.porn,available,69.98,154.98,medium,low,9,namecheap,,,20/09/2026 20:45
b8bf28a7-2a34-4911-bd7c-6340e52c1601,gardner.porn,available,69.98,154.98,high,low,7,namecheap,,,25/09/2026 05:38
70326fbd-aac8-4ade-9567-c6eeafe8aef0,tournaments.porn,available,51.95,98.53,medium,low,11,spaceship,,,02/10/2026 01:42
74464605-4cd6-4c3e-a8ca-8f12bc13b103,prosy.porn,available,69.98,154.98,medium,low,5,namecheap,,,08/09/2026 12:32
495f347d-0816-43bd-bf88-7c5729bce698,intrigued.porn,available,52.01,98.35,medium,low,9,porkbun,,,30/09/2026 00:46
748d7679-2ec4-4ccc-ba15-62bb4bfbe617,syphilis.porn,available,52.01,98.35,medium,low,8,porkbun,,,30/09/2026 17:56
f6a88db7-4e73-488e-824e-4eb19eba5e85,clitlicker.porn,available,69.98,154.98,medium,low,10,namecheap,,,02/10/2026 06:00
82206340-ce59-45a6-948b-43f43bf0e1eb,lars.porn,available,51.95,98.53,high,low,4,spaceship,,,29/09/2026 09:31
8211b0b0-db31-40ae-b3e7-b62251d3a872,leisurely.porn,available,69.98,154.98,high,low,9,namecheap,,,14/08/2026 23:02
948091bd-182a-4596-813f-cd8e15d638ae,stephen.porn,available,69.98,154.98,high,low,7,namecheap,,,25/09/2026 10:43
a29ae944-c8bc-4cf8-b4fd-657682552237,deepest.porn,available,154.98,,medium,low,7,namecheap,,,
9786923c-a256-48e5-a1d2-fad632777e65,betrothal.porn,available,69.98,154.98,medium,low,9,namecheap,,,23/09/2026 11:34
e0551213-a9c5-4b12-b591-74eaf7f0c4f7,juana.porn,available,51.95,98.53,medium,low,5,spaceship,,,29/09/2026 09:44
310029cb-7bcd-49ec-b58b-1885faba82a9,contradict.porn,available,101.87,101.87,high,low,10,dynadot,,,30/09/2026 19:10
7d33120d-6d70-45f9-9b36-af32b5cd4e45,philosophers.porn,available,101.87,101.87,medium,low,12,dynadot,,,30/09/2026 14:37
c78614fe-0a36-45d0-8230-16baa4a62987,schizophrenia.porn,available,101.87,101.87,medium,low,13,dynadot,,,30/09/2026 06:00
728bb278-572f-4f6a-92e1-c1772e136eea,tremor.porn,available,51.95,98.53,high,low,6,spaceship,,,02/10/2026 14:56
35fcfd86-36ac-441a-8a7e-466486a756c7,detained.porn,available,95.2,95.2,low,low,8,cloudflare,,,29/09/2026 05:25
a1da42a7-eaed-47df-9089-e3671ebb5c71,unfinished.porn,available,69.98,154.98,high,low,10,namecheap,,,12/09/2026 10:17
ae7d979e-c5d3-4e59-94ef-2ae9a2c33a62,acrosome.porn,available,69.98,154.98,medium,low,8,namecheap,,,17/09/2026 03:58
dba5e200-5708-4bfc-ad0c-477eff36d373,wellborn.porn,available,69.98,154.98,medium,low,8,namecheap,,,13/09/2026 10:42
ce694ad9-ac65-4285-9fa1-6a24167de734,synthase.porn,available,69.98,154.98,medium,low,8,namecheap,,,28/09/2026 16:05
99053b29-cd60-4598-9794-36518e375602,moravia.porn,available,51.95,98.53,medium,low,7,spaceship,,,28/09/2026 19:54
cc02d760-6ed4-4536-8315-a4ed500f24f8,accusive.porn,available,69.98,154.98,low,low,8,namecheap,,,
8a29954b-cde0-46a5-b5c3-7c9178f617be,desperation.porn,available,95.2,95.2,medium,low,11,cloudflare,,,29/09/2026 15:57
52ab0735-202b-4515-bc09-4169ccd6420c,extraneous.porn,available,69.98,154.98,medium,low,10,namecheap,,,17/08/2026 19:20
617082cc-1fdb-40fc-b773-e6ed7460cbe8,aquaphobia.porn,available,69.98,154.98,medium,low,10,namecheap,,,19/09/2026 22:59
cb0af03b-46f6-413b-b172-6c83added09e,whizz.porn,available,69.98,154.98,high,low,5,namecheap,,,21/09/2026 18:06
482d5361-ad44-4a27-af6b-8d817d6b2485,humankind.porn,available,51.95,98.53,high,low,9,spaceship,,,02/10/2026 05:22
dec4432c-452b-469a-99ad-b367d37a45c5,suchlike.porn,available,69.98,154.98,medium,low,8,namecheap,,,11/09/2026 01:00
fefb9bdc-a139-4c63-a15f-a24ddd217c0f,eyrie.porn,available,69.98,154.98,high,low,5,namecheap,,,
f2db1f72-66d6-4c34-9a9d-40293e3f4778,regulation.porn,available,69.98,154.98,high,low,10,namecheap,,,09/09/2026 13:07
853c5f0e-2738-458a-8c14-865bb2b5edc7,costumes.porn,premium,271.26,271.26,medium,low,8,porkbun,,,28/09/2026 05:07
5628073e-5f80-4e8a-8a42-ed077677e133,kandahar.porn,available,95.2,95.2,medium,low,8,cloudflare,,,01/10/2026 02:47
71fdf3e3-6001-4121-ab01-60616693f10e,downed.porn,available,51.95,98.53,medium,low,6,spaceship,,,02/10/2026 03:42
03ec06d7-0c8e-407e-b3b8-dbeadb7c30fe,jackets.porn,available,51.95,98.53,medium,low,7,spaceship,,,28/09/2026 18:08
992f4e52-f11b-42df-958d-21c47106ae3b,greenock.porn,available,101.87,101.87,medium,low,8,dynadot,,,02/10/2026 01:03
8c8a19d6-c5b4-4b30-9602-a002a375ae83,abysm.porn,available,69.98,154.98,medium,low,5,namecheap,,,16/09/2026 19:45
72e22dd1-72aa-4fb5-bba7-56194c55a432,agnatha.porn,available,69.98,154.98,medium,low,7,namecheap,,,17/09/2026 18:31
49cd3cb8-e7fb-45be-967b-a8a8afaee3cc,scrooge.porn,available,51.95,98.53,medium,low,7,spaceship,,,30/09/2026 10:35
1910b1ef-95f6-4541-b3e3-c94e38a761ce,redundant.porn,available,69.98,154.98,medium,low,9,namecheap,,,17/08/2026 16:08
4eb8a530-d285-46b1-8cf6-1036b3c53114,ganga.porn,available,51.95,98.53,high,low,5,spaceship,,,30/09/2026 19:38
24fb220f-e55e-4792-9dab-52fb3c207904,cambodian.porn,available,69.98,154.98,high,low,9,namecheap,,,11/08/2026 15:40
cafbe4d7-060d-4a5c-a46f-78e0d7845252,equipment.porn,available,51.95,98.53,high,low,9,spaceship,,,01/10/2026 12:31
7430b389-dced-4d50-a202-afbf264a025a,bowers.porn,available,95.2,95.2,medium,low,6,cloudflare,,,30/09/2026 21:44
270ef662-1e9b-4119-aa56-852a4747c411,thwart.porn,available,69.98,154.98,medium,low,6,namecheap,,,09/09/2026 08:15
465a1f68-6042-454a-ad07-d94ea6ffffec,fanlike.porn,available,69.98,154.98,medium,low,7,namecheap,,,17/08/2026 22:07
3e408219-1cd9-4f49-8b78-7e901b8f86f3,nescient.porn,available,69.98,154.98,medium,low,8,namecheap,,,21/08/2026 18:29
a6fbadef-f593-47e1-b3f2-e88332a79db3,filesize.porn,available,154.98,,medium,low,9,namecheap,,,
24531ecd-8c67-4062-8595-886f1c0dc9be,twigs.porn,available,95.2,95.2,medium,low,5,cloudflare,,,02/10/2026 11:11
a05d6ddd-d6bb-4a4f-8b07-1ce31a055e42,antwerpen.porn,available,69.98,154.98,medium,low,9,namecheap,,,19/09/2026 15:48
2a41e0a4-b02a-43ea-8ba0-888185635c72,settles.porn,available,95.2,95.2,medium,low,7,cloudflare,,,30/09/2026 07:18
46424590-a613-46ee-a8a0-3257395a54f0,jeffery.porn,available,51.95,98.53,medium,low,7,spaceship,,,29/09/2026 09:37
f0520a59-fb06-4983-a77c-a2890190c33f,akkadian.porn,available,69.98,154.98,medium,low,8,namecheap,,,18/09/2026 00:10
0a4eeb64-5caa-44d2-999e-f02c16c40e4a,bobtail.porn,available,69.98,154.98,high,low,7,namecheap,,,10/08/2026 16:39
572ae5f6-f7c9-40f0-b8ec-c579e1f1238e,messenger.porn,available,69.98,154.98,high,low,9,namecheap,,,24/09/2026 18:45
46c8e3b6-33a6-4df3-8e9e-bf0ff17eaaa5,auger.porn,available,69.98,154.98,medium,low,5,namecheap,,,21/09/2026 03:19
2cc9f39a-3571-41dd-9081-68a25aafa8ef,shredded.porn,available,69.98,154.98,medium,low,8,namecheap,,,12/08/2026 06:59
dd18dd2e-9111-4257-aa0c-299ba4579734,rollo.porn,available,101.87,101.87,high,low,5,dynadot,,,01/10/2026 02:38
ebe730b9-3e81-4cd9-8c19-4f9cf4bd2103,outsized.porn,available,69.98,154.98,medium,low,8,namecheap,,,04/09/2026 19:40
8cee8380-9c5b-4a47-a06b-e0799a898647,acinose.porn,available,69.98,154.98,medium,low,7,namecheap,,,
4ccfcb5c-31d7-431a-8cbf-2678861f0775,olefin.porn,available,69.98,154.98,medium,low,6,namecheap,,,18/09/2026 08:30
a07b53d9-f527-471f-8cac-2fb4dd8413b6,tequila.porn,resell,,,high,low,7,,,,29/09/2026 20:30
c6fc0dbb-384e-4664-a6b8-bcdb0babc2cd,utica.porn,available,69.98,154.98,high,low,5,namecheap,,,27/09/2026 16:08
cb57d044-b596-4555-b05d-a663cf5207f2,sources.porn,available,69.98,154.98,medium,low,7,namecheap,,,17/09/2026 22:23
12fcbb6d-c77d-4563-9c66-13be92ee22d7,grip.porn,available,51.95,98.53,high,low,4,spaceship,,,28/09/2026 18:31
c98b5f1b-26ee-43b3-84a6-29b700dfbf13,blackened.porn,available,69.98,154.98,medium,low,9,namecheap,,,10/08/2026 11:47
bc1467b2-5551-4d0e-af05-5fec956d8396,platter.porn,available,69.98,154.98,high,low,7,namecheap,,,29/09/2026 15:14
142b3c72-7926-4f8d-96ac-7d4fe1e692c1,bigotry.porn,available,69.98,154.98,medium,low,7,namecheap,,,23/09/2026 15:23
c60c46e4-54fc-461e-b83f-85c209233536,euphonious.porn,available,69.98,154.98,medium,low,10,namecheap,,,17/08/2026 14:17
ab2add2a-f9de-46bd-a671-91b885a9053d,kidnapping.porn,available,69.98,154.98,medium,low,10,namecheap,,,25/09/2026 08:11
255a4198-436b-431c-93cd-74abd6d5bc9e,shuha.porn,available,69.98,154.98,medium,low,5,namecheap,,,10/09/2026 07:04
508bb3c6-e777-460e-83e7-720b3bc207cd,sourcecode.porn,available,69.98,154.98,high,low,11,namecheap,,,08/09/2026 07:26
fa055d05-9c04-450c-8c15-c6fb6f35f30e,furman.porn,available,95.2,95.2,medium,low,6,cloudflare,,,29/09/2026 04:35
b8bb59fd-1157-4a35-9e0a-a9c413f4c1dc,gras.porn,available,95.2,95.2,medium,low,4,cloudflare,,,01/10/2026 16:24
5c78b238-5499-4fc2-9b56-ad1d2c8a47a0,eightfold.porn,available,69.98,154.98,medium,low,9,namecheap,,,15/08/2026 21:27
610b92a1-b99c-40de-8765-11378964dde5,washes.porn,available,69.98,154.98,medium,low,6,namecheap,,,20/09/2026 04:54
2a1a81e3-aeab-4db0-854c-3776fa239be6,cowardice.porn,available,69.98,154.98,medium,low,9,namecheap,,,24/09/2026 18:57
d8d2475f-77c0-42b2-83bb-ffff63c05121,chain.porn,available,51.95,98.53,high,low,5,spaceship,,,29/09/2026 07:52
1b19b894-4696-4fe9-8e99-28d30d960b9f,keswick.porn,available,69.98,154.98,medium,low,7,namecheap,,,02/10/2026 20:36
6a6745f4-18e9-4bc1-8ec7-a59a290bdcdb,progression.porn,available,52.01,98.35,high,low,11,porkbun,,,02/10/2026 17:07
a2e5c7e0-abbb-42da-b531-bd57a91ecf92,relish.porn,resell,154.98,,high,low,6,namecheap,,,29/09/2026 21:47
752179f3-e044-4a99-b743-317f91bb3f40,chained.porn,available,69.98,154.98,medium,low,7,namecheap,,,12/08/2026 01:23
6970918d-2e30-4c96-8385-a439685efae9,aniline.porn,available,69.98,154.98,medium,low,7,namecheap,,,18/09/2026 21:45
347fbbc6-9706-4819-abcb-132796244f3c,gayle.porn,available,52.01,98.35,medium,low,5,porkbun,,,29/09/2026 04:04
9ff7705f-250b-4c9d-ad1d-8d0f41c5fdac,cours.porn,available,51.95,98.53,high,low,5,spaceship,,,03/10/2026 02:59
25908a36-91d4-4b1f-9266-c4408379869c,proposing.porn,available,51.95,98.53,low,low,9,spaceship,,,28/09/2026 22:53
a575e02e-04dc-438c-abf1-3b8787f63bf9,trumpery.porn,available,69.98,154.98,medium,low,8,namecheap,,,18/08/2026 23:50
719f9268-c42e-4c14-87cb-4b9c5cc5e379,assignments.porn,available,69.98,154.98,medium,low,11,namecheap,,,28/09/2026 18:20
8c1de350-fb2d-41cb-a1ac-6da9a0d88d13,lxxxii.porn,available,69.98,154.98,medium,low,6,namecheap,,,
d497bd99-c517-4420-9626-8e49d6e96d43,trouper.porn,available,69.98,154.98,high,low,7,namecheap,,,22/09/2026 06:54
8a1b72bc-cd05-4a17-bf24-c69ce3c011a5,excelled.porn,available,52.01,98.35,medium,low,8,porkbun,,,02/10/2026 21:49
5fd8124b-3339-497d-9d46-6f7033ad2944,crusader.porn,available,69.98,154.98,high,medium,8,namecheap,,,09/09/2026 12:45
6dd63a95-26ec-49bd-84f5-60bd792039ec,delivers.porn,available,95.2,95.2,medium,low,8,cloudflare,,,29/09/2026 10:50
e6e2db1c-b360-4ae2-b2d7-e9ab86bf4028,chores.porn,available,69.98,154.98,medium,low,6,namecheap,,,29/09/2026 17:46
ca497df8-18ea-4ee7-8d5c-2b6438b69ac1,quadrilateral.porn,available,51.95,98.53,medium,low,13,spaceship,,,30/09/2026 19:15
c7027e96-dab9-4193-9838-0881b8d153b8,monterrey.porn,available,51.95,98.53,medium,low,9,spaceship,,,28/09/2026 14:54
7fb88813-d45d-4731-b01f-c05cd8dcbce2,brickle.porn,available,69.98,154.98,medium,low,7,namecheap,,,11/08/2026 03:49
1b9b2f65-e055-4c4f-8fc6-d9b4af252750,princes.porn,available,95.2,95.2,medium,low,7,cloudflare,,,29/09/2026 10:59
fcdad0d8-695b-4038-89b8-aca4fe006a79,wald.porn,available,69.98,154.98,high,low,4,namecheap,,,29/09/2026 21:04
810e264b-d575-427a-bb5c-8b94718bb8de,lastly.porn,available,51.95,98.53,medium,low,6,spaceship,,,28/09/2026 15:27
0b73ebe4-0144-402b-8cdc-e88069046613,mie.porn,available,69.98,154.98,medium,low,3,namecheap,,,30/09/2026 13:22
c2e1c858-384f-417a-bffb-b26244ff9ec7,shan.porn,available,69.98,154.98,high,low,4,namecheap,,,28/09/2026 15:19
62d165ff-f11b-449b-82ad-ecc1d06b77c2,applewood.porn,available,69.98,154.98,medium,low,9,namecheap,,,19/09/2026 21:44
c44b41bb-287c-4667-9149-0f466e2ca7a5,anklets.porn,available,69.98,154.98,medium,low,7,namecheap,,,19/09/2026 09:46
53899c35-6d7c-4ebe-80f7-f1ed88934a3f,simultaneous.porn,available,95.2,95.2,high,low,12,cloudflare,,,30/09/2026 06:08
d64da6a6-f5ef-41ea-a5d3-103c3848508e,badness.porn,available,69.98,154.98,medium,low,7,namecheap,,,08/08/2026 07:23
1b3ba1db-8ca9-418c-98a6-ee1a5f441fbe,resonance.porn,available,51.95,98.53,high,medium,9,spaceship,,,01/10/2026 21:17
656a5b90-d8c1-4ca1-a47a-5f4750847e27,cbe.porn,available,51.95,98.53,high,low,3,spaceship,,,29/09/2026 09:19
d7a37f0c-3c3f-4e4f-8fa9-c0c345a76cb6,tolerably.porn,available,69.98,154.98,high,medium,9,namecheap,,,10/09/2026 12:56
56470796-d285-4b78-bd36-8597a3a2562f,snowball.porn,available,69.98,154.98,high,low,8,namecheap,,,16/09/2026 17:20
acbf3ce1-1420-482f-95c1-e0b208e47cef,crazily.porn,available,69.98,154.98,medium,low,7,namecheap,,,14/09/2026 09:15
4764ea4b-1245-4ab9-a63d-e6b71d95ae68,tycoons.porn,available,69.98,154.98,medium,low,7,namecheap,,,19/09/2026 22:53
ff3a7caf-aded-499d-8489-07c618446749,frock.porn,available,69.98,154.98,medium,low,5,namecheap,,,14/08/2026 18:55
e9ecf6e3-2c69-4637-a9d5-a817e61b3ce8,dresses.porn,available,69.98,154.98,medium,low,7,namecheap,,,18/09/2026 07:11
fcd633c4-4293-4dd6-a2bd-c85a9c835c00,amati.porn,available,69.98,154.98,high,low,5,namecheap,,,18/09/2026 16:09
bb553051-e860-488b-b1cd-29895569baca,bowls.porn,available,51.95,98.53,high,low,5,spaceship,,,29/09/2026 03:46
6a86cc21-42d0-4bb8-ae4f-3093d27946d7,hanseatic.porn,available,51.95,98.53,medium,low,9,spaceship,,,02/10/2026 14:09
4135ff87-2569-4e08-b244-b83004a76892,reducible.porn,available,69.98,154.98,high,medium,9,namecheap,,,09/09/2026 12:24
ad55099c-09b5-4f06-9a37-572499aeeaa9,jones.porn,available,69.98,154.98,high,low,5,namecheap,,,25/09/2026 00:23
0f8e6757-879f-46d9-974d-575c2bcc500c,contributing.porn,available,51.95,98.53,medium,low,12,spaceship,,,30/09/2026 05:48
d8126d04-78a0-4363-865d-fb8ec75181a7,highs.porn,available,53.72,101.87,medium,low,5,dynadot,,,02/10/2026 23:35
f1e9fcf0-0617-4a1e-af47-f5c49813a270,alignment.porn,available,69.98,154.98,high,low,9,namecheap,,,18/09/2026 07:47
6f5b80c3-5c19-4f76-be2a-857932902cb2,guidelines.porn,available,101.87,101.87,medium,low,10,dynadot,,,29/09/2026 17:19
0f5cff1d-8134-4f85-a63c-c89c077bd5a9,lupine.porn,available,69.98,154.98,medium,low,6,namecheap,,,24/08/2026 11:39
28fc9c8e-261e-4a42-ad19-4276d98b803c,antoninus.porn,available,69.98,154.98,medium,low,9,namecheap,,,19/09/2026 15:34
83894ad6-88af-4767-b0df-b50333a30b7d,terminate.porn,available,69.98,154.98,medium,low,9,namecheap,,,28/09/2026 14:01
5235a129-1147-4ff6-a1c7-fc46c8ba03df,raptorial.porn,available,69.98,154.98,high,medium,9,namecheap,,,09/09/2026 10:23
f4b0bc24-e178-4c53-99b1-7ecaf1757e2d,eddie.porn,available,52.01,98.35,high,low,5,porkbun,,,01/10/2026 08:35
f16ca6b1-44c3-4455-ab75-13fa1f20b0ec,dolores.porn,available,69.98,154.98,medium,low,7,namecheap,,,28/09/2026 21:59
621b49d3-d1d8-4e34-8e61-a36eac018fed,seldom.porn,available,69.98,154.98,medium,low,6,namecheap,,,15/09/2026 22:34
5dccab15-4f10-4f7e-a5b5-420f45dba125,alma.porn,available,69.98,154.98,high,medium,4,namecheap,,,01/10/2026 07:51
883792f8-66f2-4b1b-8ef4-e5721c3d628b,valence.porn,available,53.72,101.87,high,low,7,dynadot,,,02/10/2026 17:04
441c5b9a-525d-47ef-9515-89644186b4f7,tolerated.porn,available,51.95,98.53,high,low,9,spaceship,,,30/09/2026 12:15
e77f75b2-0058-493d-91b7-9dc98294aaa1,disarmer.porn,available,69.98,154.98,medium,low,8,namecheap,,,04/09/2026 22:39
7ecf6eb3-bc27-45c7-8cdd-cc0b0cb80dae,plentiful.porn,available,69.98,154.98,high,low,9,namecheap,,,27/09/2026 04:16
eeef4602-157f-4942-b0d4-43e1f95abc70,randomized.porn,available,69.98,154.98,high,medium,10,namecheap,,,09/09/2026 10:14
526230f4-15eb-4757-b647-3d51b9e2d10e,stamp.porn,available,95.2,95.2,high,low,5,cloudflare,,,03/10/2026 02:33
eaf6ef41-59b9-4b8a-a11a-aef9d9ffb831,spiraling.porn,available,69.98,154.98,medium,low,9,namecheap,,,12/08/2026 16:12
2603f446-eb65-4181-8e7e-c9452aa53bac,floss.porn,available,69.98,154.98,high,low,5,namecheap,,,24/09/2026 21:54
f093cd46-6dae-4835-a771-0e4f366c28f5,sword.porn,available,69.98,154.98,high,low,5,namecheap,,,25/09/2026 10:46
a881e38c-15ed-4c82-916c-a1983cc331d8,davids.porn,available,51.95,98.53,high,low,6,spaceship,,,01/10/2026 15:28
699a11d7-8aa0-4db3-8dbd-612c4367b11a,sheldon.porn,available,69.98,154.98,high,low,7,namecheap,,,25/09/2026 15:25
acc50ce1-99ac-4aff-8826-315dbacda501,monkeypod.porn,available,69.98,154.98,medium,low,9,namecheap,,,18/09/2026 03:14
6ac8a4f3-d12a-4cc5-bd6a-afb6da95fdcc,rdf.porn,available,51.95,98.53,high,low,3,spaceship,,,02/10/2026 19:03
7f43443b-313f-4c82-8029-73a17e0299cb,galton.porn,available,69.98,154.98,medium,low,6,namecheap,,,01/10/2026 19:37
2ad2aa40-f4b4-4a93-9b11-b790cd5504d1,arroyo.porn,available,69.98,154.98,high,low,6,namecheap,,,20/09/2026 09:33
3b7d42ad-bf9d-41e5-aff2-aa6c5b372c08,headlong.porn,available,69.98,154.98,medium,low,8,namecheap,,,21/08/2026 01:16
028cfd70-b3b9-4c42-8a35-1e1050e0bee8,midwestern.porn,available,69.98,154.98,high,low,10,namecheap,,,24/08/2026 22:41
e3ee9a30-830e-4580-aa23-f4e9f495e989,aylmer.porn,available,51.95,98.53,medium,low,6,spaceship,,,03/10/2026 05:19
53156b88-74b2-49db-9755-0d9c1bc75883,shoved.porn,available,51.95,98.53,low,low,6,spaceship,,,01/10/2026 00:52
8d7fa134-bd43-4d75-9d05-76664156bbf7,bicycles.porn,available,179.99,179.99,medium,low,8,name.com,,,18/09/2026 23:48
6ae6b216-5932-4418-892a-8f48fce580be,socialized.porn,available,69.98,154.98,high,low,10,namecheap,,,10/09/2026 13:12
eb2e9640-02eb-47f5-9aa1-cde6f2ce6906,examining.porn,available,51.95,98.53,high,low,9,spaceship,,,29/09/2026 08:41
fccd1aab-f143-41d0-9436-759cd4c1e2e4,infection.porn,available,69.98,154.98,medium,low,9,namecheap,,,27/09/2026 04:34
430c797d-a225-4dd5-b42a-52b110708d67,residential.porn,available,51.95,98.53,high,low,11,spaceship,,,29/09/2026 03:03
dd427ce3-35fa-4b60-b034-cdea25c4d49e,aluminate.porn,available,69.98,154.98,medium,low,9,namecheap,,,18/09/2026 15:13
e301f55c-5322-45ea-99e3-fa6718f9880d,outflank.porn,available,69.98,154.98,medium,low,8,namecheap,,,09/08/2026 17:48
87af5860-ab23-4e2c-812b-f4689359c0b8,unequal.porn,available,69.98,154.98,medium,low,7,namecheap,,,22/08/2026 00:15
e17e599d-811e-4b92-8a9e-15d9ec9c1110,fuckster.porn,available,51.95,98.53,medium,low,8,spaceship,,,02/10/2026 05:00
0e494848-3bf5-4ab8-8f84-abc00e4ff363,quintette.porn,available,69.98,154.98,high,low,9,namecheap,,,09/09/2026 09:00
1a0d738a-cfb6-4c16-ac7f-8facc4cd9c70,andersen.porn,available,69.98,154.98,high,low,8,namecheap,,,19/09/2026 04:01
beb0b1de-ac86-4c24-8300-726e39172397,lobsters.porn,available,69.98,154.98,medium,low,8,namecheap,,,02/10/2026 13:29
5a05dc55-a4b3-40be-b1e0-b3034328adad,boon.porn,available,69.98,154.98,high,low,4,namecheap,,,02/10/2026 11:01
21295cdf-c2bd-444b-a3f8-572677c64b98,deserved.porn,available,69.98,154.98,high,low,8,namecheap,,,14/08/2026 03:27
884347cd-bbed-4901-a862-df0d1026627a,blunder.porn,available,51.95,98.53,medium,low,7,spaceship,,,02/10/2026 14:29
717d620d-3d99-4de3-9b85-b7398331bf22,shambolic.porn,available,69.98,154.98,medium,low,9,namecheap,,,10/09/2026 05:51
be358dbe-486a-4cb1-98bf-df55e3a64625,negatives.porn,available,95.2,95.2,low,low,9,cloudflare,,,01/10/2026 17:58
8a0ff916-3886-4f4f-8e71-3be06373ad56,arsenide.porn,available,69.98,154.98,medium,low,8,namecheap,,,20/09/2026 09:41
6ee55cce-01f9-4962-a5d4-9c9bd681a025,neotropical.porn,available,51.95,98.53,medium,low,11,spaceship,,,01/10/2026 05:24
a46dfb6d-7ff4-4932-9c15-4ff678f93f06,acquisitions.porn,available,51.95,98.53,medium,low,12,spaceship,,,01/10/2026 18:34
c234dd7b-0316-4750-9fde-f868db4cc8f1,explosion.porn,available,69.98,154.98,medium,low,9,namecheap,,,25/09/2026 21:57
c793100c-6c6c-41d2-ab57-ff638c494233,spectator.porn,available,95.2,95.2,high,low,9,cloudflare,,,29/09/2026 13:19
d97d0479-ddef-4889-baff-044262e167f0,screamed.porn,available,51.95,98.53,low,low,8,spaceship,,,30/09/2026 07:12
9e7e35bc-5acb-40b0-8a4e-d5584a1f6954,allsorts.porn,available,69.98,154.98,low,low,9,namecheap,,,16/09/2026 05:53
f7592781-d778-4e49-8967-81c80b170ffb,shivaree.porn,available,69.98,154.98,medium,low,8,namecheap,,,23/09/2026 06:07
16318e6a-46d2-43c4-9a02-c5d175cffc6d,recondite.porn,available,69.98,154.98,medium,low,9,namecheap,,,
98423bf2-27de-42d4-8561-45971ad86da6,washed.porn,available,69.98,154.98,high,low,6,namecheap,,,13/09/2026 08:31
8bd430b9-3e70-4802-8b27-c987b9126263,cervine.porn,available,69.98,154.98,medium,low,7,namecheap,,,12/08/2026 01:00
f5a30627-d0db-48e2-b660-cf2a04153159,octavo.porn,available,69.98,154.98,medium,low,6,namecheap,,,16/09/2026 12:43
9c55f5fb-0942-4843-beaa-83727c10718a,witnessing.porn,available,52.01,98.35,high,low,10,porkbun,,,30/09/2026 12:14
f3761413-6a4b-482d-b938-d9f765bd0a8e,snuggled.porn,available,69.98,154.98,medium,low,8,namecheap,,,03/09/2026 15:48
eb9ba5a6-9a2b-4df0-a8b0-0e19c9ed3226,fatality.porn,available,99.99,189.99,medium,low,8,godaddy,,,30/09/2026 01:36
809b0d7b-e01e-4c62-88dd-32b740e5661a,ablaut.porn,available,69.98,154.98,medium,low,6,namecheap,,,16/09/2026 16:06
ebf20e97-74b8-4084-8422-dc52751c312a,austin.porn,available,69.98,154.98,high,low,6,namecheap,,,21/09/2026 04:43
a229a3be-c05f-466c-aa70-74ab02eb1975,crooked.porn,available,69.98,154.98,medium,low,7,namecheap,,,13/08/2026 07:51
75641f1e-290b-40b8-b166-115934bcf97b,fleischer.porn,available,51.95,98.53,high,low,9,spaceship,,,30/09/2026 16:27
c074935a-6987-4e3f-9604-0e7298a4447b,lxxiv.porn,available,69.98,154.98,medium,low,5,namecheap,,,
e6bb23aa-9028-472e-bad1-2e61c99da958,albinism.porn,available,69.98,154.98,medium,low,8,namecheap,,,18/09/2026 02:54
0f4f5f20-5728-40c9-b305-bf1045853578,runner.porn,available,179.99,179.99,high,low,6,name.com,,,21/09/2026 22:22
09701f07-b1da-4c41-8445-3180d24fe9f1,bookstore.porn,available,69.98,154.98,high,low,9,namecheap,,,24/09/2026 07:17
4270e3ed-80e9-4a3d-a185-e054a6878a68,benzine.porn,available,69.98,154.98,medium,low,7,namecheap,,,23/09/2026 08:53
3b64705c-6179-4f91-979a-d84216cbb754,eon.porn,available,69.98,154.98,high,low,3,namecheap,,,17/09/2026 12:38
646243be-4ffe-4c84-b0cb-0dd8a498011d,prelate.porn,available,69.98,154.98,medium,low,7,namecheap,,,20/09/2026 02:36
0e29caf6-be52-4c82-97c1-b5082be0f37e,praetorial.porn,available,69.98,154.98,high,medium,10,namecheap,,,09/09/2026 00:59
9faeb1f2-c488-45eb-9cfc-937f30c12bc1,affectionate.porn,available,99.99,189.99,high,low,12,godaddy,,,01/10/2026 00:35
5fb08785-3305-4983-afeb-780d065a3d8d,incendiary.porn,available,69.98,154.98,high,low,10,namecheap,,,22/08/2026 00:54
c4478333-417c-46d7-b65a-c1c223c3de6b,zealot.porn,available,69.98,154.98,medium,low,6,namecheap,,,08/09/2026 02:10
26843f63-6c0e-4aea-95ce-0b03a134cbd8,remember.porn,available,101.87,101.87,high,low,8,dynadot,,,30/09/2026 09:10
98fceaf8-a567-4224-85d6-7d734f738d15,aileron.porn,available,69.98,154.98,medium,low,7,namecheap,,,17/09/2026 21:10
6a5d9fa7-116c-49c6-834c-1d02c6a0be98,chronological.porn,available,95.2,95.2,medium,low,13,cloudflare,,,01/10/2026 04:53
150cd6d1-f9b9-41ff-b639-a9a05688d9c8,turnovers.porn,available,69.98,154.98,medium,low,9,namecheap,,,19/09/2026 22:02
1dadb81b-3fd9-4805-b1d2-a13fc51b9ccc,jawless.porn,available,69.98,154.98,medium,low,7,namecheap,,,22/08/2026 12:34
187b1f61-e898-4e5d-a019-b1c0f0490a5d,crooks.porn,available,51.95,98.53,medium,low,6,spaceship,,,30/09/2026 20:36
04a09e55-fd29-476c-801b-a0e1afa59918,romanov.porn,available,69.98,154.98,high,low,7,namecheap,,,02/10/2026 06:16
71672c90-a6c1-4bbb-85b3-c0aed5dac152,blossoming.porn,available,69.98,154.98,high,low,10,namecheap,,,18/08/2026 09:04
6d6244b3-adc8-44fd-aef9-a33f79f6457c,laparoscopic.porn,available,51.95,98.53,medium,low,12,spaceship,,,02/10/2026 22:19
2573b13e-3856-47a7-9c46-fade88d70236,eliminated.porn,available,51.95,98.53,medium,low,10,spaceship,,,28/09/2026 17:04
57841d38-85cb-4998-9c00-83faddbe4be4,effulgent.porn,available,69.98,154.98,medium,low,9,namecheap,,,15/08/2026 16:23
5ac4acd8-8865-4695-86f3-9287fe52458e,continuo.porn,available,69.98,154.98,medium,low,8,namecheap,,,22/09/2026 12:27
dd349681-2882-46dc-8dc0-56eeb89387f0,cockroach.porn,available,69.98,154.98,medium,low,9,namecheap,,,24/09/2026 16:13
ed89d84d-123d-4c0c-8d25-ec566d56cc58,aiai.porn,available,69.98,154.98,high,low,4,namecheap,,,17/09/2026 20:43
e81bf196-f959-4d97-a464-ce0c4b927340,imuran.porn,available,69.98,154.98,medium,low,6,namecheap,,,21/09/2026 11:01
a1b810d3-3ff6-4e86-a92d-e56a9d5ba553,ismaili.porn,available,69.98,154.98,high,low,7,namecheap,,,22/08/2026 10:53
29b5e9d6-dc18-4158-83c8-6067f6f98b25,caste.porn,available,95.2,95.2,medium,low,5,cloudflare,,,02/10/2026 14:35
10253c1d-3488-465e-9a02-31da84ae41a4,indians.porn,available,51.95,98.53,high,medium,7,spaceship,,,28/09/2026 23:09
ea87821c-9930-4466-867c-d0fcd3b5b555,duck.porn,available,101.87,101.87,high,low,4,dynadot,,,29/09/2026 17:03
434f0318-eeb2-4f00-967b-a9368e7b8db3,recaptured.porn,available,69.98,154.98,medium,low,10,namecheap,,,18/09/2026 19:20
a815ef70-1faa-4b9d-bb8b-7c03dbd896a6,cardigan.porn,available,69.98,154.98,high,low,8,namecheap,,,24/09/2026 12:52
aa36a469-fd10-47a1-8186-c8cce0141011,sensible.porn,available,69.98,154.98,high,low,8,namecheap,,,09/09/2026 11:07
91c2d2f5-c78d-430c-9919-4a39ddfa1d79,antelope.porn,available,69.98,154.98,high,low,8,namecheap,,,19/09/2026 12:50
72a82bd7-cf84-41d8-9ab6-992123549707,illusory.porn,available,69.98,154.98,medium,low,8,namecheap,,,21/08/2026 20:15
50673209-422f-471f-86e1-85e3be7a18b3,petrovich.porn,available,53.72,101.87,medium,low,9,dynadot,,,02/10/2026 20:32
5bd8877c-9fb1-4012-8fd9-d5efd27f51f6,layperson.porn,available,69.98,154.98,medium,low,9,namecheap,,,10/09/2026 01:26
55616494-46f1-4767-8aa9-a02fb14b13a8,accentuate.porn,available,69.98,154.98,high,low,10,namecheap,,,16/09/2026 21:56
1c4fa583-163e-4f56-9f3e-cf3bd85cf497,malformed.porn,available,69.98,154.98,medium,low,9,namecheap,,,13/08/2026 23:43
c8aefd8a-feb2-4f6a-990e-2b846784fb81,rapper.porn,available,101.87,101.87,high,low,6,dynadot,,,30/09/2026 09:22
34c2f510-b930-4c5c-89f0-095392b1cbc6,cases.porn,available,69.98,154.98,medium,low,5,namecheap,,,17/09/2026 16:31
40925930-9326-4eb0-ac87-7cc9a7f601d5,meliorist.porn,available,69.98,154.98,high,medium,9,namecheap,,,09/09/2026 12:46
f88877da-62df-423b-8bbf-b6a53833d053,crooner.porn,available,179.99,179.99,high,low,7,name.com,,,21/09/2026 22:42
a6f19c93-e099-4556-b22d-231a90d45b53,pickles.porn,available,95.2,95.2,medium,low,7,cloudflare,,,30/09/2026 12:43
3689c688-35c7-48f8-99a8-62abfafd00b2,eponymous.porn,available,69.98,154.98,high,low,9,namecheap,,,17/08/2026 11:29
0144d5cc-578b-4977-b918-a00a9aa1625c,portuguese.porn,available,69.98,154.98,high,low,10,namecheap,,,25/09/2026 15:43
ee1cbb4b-9406-4e37-9b43-9fbedde4ad23,courtenay.porn,available,51.95,98.53,medium,low,9,spaceship,,,29/09/2026 22:46
9684e27a-26e7-4fe0-9d7d-ee9e8e29ac0a,tatiana.porn,available,51.95,98.53,medium,low,7,spaceship,,,29/09/2026 21:54
bb2a54ba-db3e-4244-bae5-399ad7358f67,collaborate.porn,available,51.95,98.53,high,low,11,spaceship,,,29/09/2026 20:56
c73a6598-c1f3-4f85-96df-0488658688ff,anticipate.porn,available,51.95,98.53,high,low,10,spaceship,,,30/09/2026 15:05
0379ff1d-1f6b-464c-befc-c784a7501b0a,hillside.porn,available,95.2,95.2,high,low,8,cloudflare,,,29/09/2026 13:02
2fc786fe-36e7-43f0-8ce4-80feb6c5ed2b,powys.porn,available,69.98,154.98,medium,low,5,namecheap,,,01/10/2026 20:09
bf602799-3b87-41f7-9916-30f47aa3e909,serious.porn,available,69.98,154.98,high,low,7,namecheap,,,24/09/2026 23:04
376d6328-3fee-444b-aa5d-341a8bbfb5e0,correspond.porn,available,95.2,95.2,high,low,10,cloudflare,,,29/09/2026 19:02
699f86fa-0922-4b4f-888a-77ddc695b7e9,dedication.porn,available,179.99,179.99,high,low,10,name.com,,,18/09/2026 10:32
977b4d6e-690b-4c77-996f-5dced5809fd2,joint.porn,available,179.99,179.99,high,low,5,name.com,,,22/09/2026 08:50
78ee6b7e-e86f-4b3b-b546-70e618b60c44,debt.porn,available,52.01,98.35,high,low,4,porkbun,,,29/09/2026 13:26
f3666624-69b6-4b34-ba49-b2a08e7fa6fb,conservatory.porn,available,51.95,98.53,high,low,12,spaceship,,,29/09/2026 03:18
4c9cef53-153f-4db2-8ae5-6442bb98e084,ventilator.porn,available,53.72,101.87,high,low,10,dynadot,,,02/10/2026 23:41
ac8d2c8b-ed5e-4d40-87e4-5ddcab8f2fb8,benison.porn,available,69.98,154.98,medium,low,7,namecheap,,,23/09/2026 08:11
9707f965-e904-4bdf-aead-712c1b5dc92d,atherton.porn,available,51.95,98.53,medium,low,8,spaceship,,,28/09/2026 09:10
cbe2823b-b8fd-4980-a098-f6eafa76e441,podium.porn,available,69.98,154.98,high,low,6,namecheap,,,18/09/2026 17:13
66f93820-7e29-4980-a2d7-b76722811ad4,pasta.porn,available,51.95,98.53,high,low,5,spaceship,,,28/09/2026 20:26
6bfe7906-0156-4e2d-91b3-d61119145f6f,alluvial.porn,available,69.98,154.98,high,low,8,namecheap,,,
155487cd-5d3a-4b71-8ed5-4e25eebf237f,ragee.porn,available,69.98,154.98,medium,low,5,namecheap,,,17/09/2026 15:18
e8468632-9fb5-4a5d-a985-25ee15d06a50,monistic.porn,available,69.98,154.98,medium,low,8,namecheap,,,25/08/2026 04:51
3f5c883c-2e15-498a-8de4-046ff0309cc2,flows.porn,available,51.95,98.53,medium,low,5,spaceship,,,28/09/2026 22:43
14d881f3-8d76-44fe-afd8-93c2fe30aaf9,abdul.porn,available,69.98,154.98,high,low,5,namecheap,,,27/09/2026 07:21
112a5cdf-73ca-4c5a-a37c-009757031e3e,wasp.porn,available,51.95,98.53,high,low,4,spaceship,,,29/09/2026 14:06
b78886af-3490-4a73-aeb5-d907d9b7f2e6,linked.porn,available,69.98,154.98,high,low,6,namecheap,,,25/09/2026 13:54
dfd37817-4c6e-4381-9cce-ce1b26f9c163,sokol.porn,available,51.95,98.53,high,low,5,spaceship,,,02/10/2026 08:03
231aa625-50bb-4b3f-aed6-3fa2a56b35f4,upper.porn,available,51.95,98.53,high,low,5,spaceship,,,28/09/2026 09:57
3a385e61-0fa9-4395-b020-d299cbcea872,limbo.porn,available,51.95,98.53,high,low,5,spaceship,,,29/09/2026 19:33
957d15f7-ae5a-4da6-8b3a-e4c23e9c7891,contacted.porn,available,95.2,95.2,medium,low,9,cloudflare,,,28/09/2026 00:26
a99382cd-23db-4938-915d-bac8f4bacfc9,conical.porn,available,69.98,154.98,high,low,7,namecheap,,,12/08/2026 20:41
f139b94c-4122-47c3-8cb7-389dbd530cf2,inquiry.porn,available,51.95,98.53,high,low,7,spaceship,,,29/09/2026 00:48
22e8a906-8354-4c2a-9a94-a9f431683784,inflation.porn,available,101.87,101.87,high,low,9,dynadot,,,29/09/2026 07:21
f2fe01b9-0b5f-44c2-b867-e85d15acb8ea,mccauley.porn,available,95.2,95.2,medium,low,8,cloudflare,,,01/10/2026 02:59
f2bb968c-fade-476d-be4c-58bd06d862c2,bakshis.porn,available,69.98,154.98,medium,low,7,namecheap,,,21/09/2026 15:54
2826d765-cfd8-4866-913d-0c6460582aef,dragging.porn,available,69.98,154.98,high,low,8,namecheap,,,14/08/2026 18:16
198951f1-9cfa-40d1-b653-2aa53300f6aa,delhi.porn,available,69.98,154.98,high,low,5,namecheap,,,24/09/2026 21:36
1989a993-4814-4c1a-8d75-77638eee7ffd,mathematical.porn,available,51.95,98.53,medium,low,12,spaceship,,,28/09/2026 21:06
2ba5a79b-1964-41ac-8a45-390cfae5f942,amative.porn,available,69.98,154.98,medium,low,7,namecheap,,,
a1cf9ec6-1447-4fd7-abe3-ea31e2bd01bf,quack.porn,available,69.98,154.98,high,low,5,namecheap,,,09/09/2026 07:16
39d62a68-abcd-49bf-ace0-0718e28239a0,swagman.porn,available,69.98,154.98,medium,low,7,namecheap,,,11/09/2026 05:01
aa47b0a0-35bf-463d-bf71-719d2e21a125,bump.porn,resell,154.98,,high,low,4,namecheap,,,29/09/2026 05:15
578999c6-cced-40a1-af05-5e499203806a,cloaked.porn,available,69.98,154.98,high,low,7,namecheap,,,12/08/2026 11:28
1d6dbe5c-bb95-4901-909e-64f948619d0d,unthankful.porn,available,69.98,154.98,medium,low,10,namecheap,,,11/09/2026 12:29
29b735b2-0d21-4449-84ed-2a4427acd392,gustave.porn,available,52.01,98.35,medium,low,7,porkbun,,,28/09/2026 09:09
4d8a6582-569d-4945-8bfa-baa43437c3a7,searching.porn,available,69.98,154.98,high,low,9,namecheap,,,25/09/2026 09:44
5aac1184-6685-465a-9a3d-2c2711bee329,arak.porn,available,69.98,154.98,medium,low,4,namecheap,,,19/09/2026 23:47
4c5738fc-0f55-44ab-914b-d5fa917d2ea1,soleless.porn,available,69.98,154.98,low,low,8,namecheap,,,10/09/2026 13:37
b78a5b2f-862a-436c-a2f6-710bcb200590,debile.porn,available,179.99,179.99,medium,low,6,name.com,,,13/08/2026 20:28
763ad92a-8e60-44c5-b9f0-512dce5361bc,capillary.porn,available,69.98,154.98,high,low,9,namecheap,,,11/08/2026 17:53
0e36d500-17f6-4c7c-8165-0d2dff49c1b0,thom.porn,available,51.95,98.53,medium,low,4,spaceship,,,28/09/2026 04:11
2a2517a5-ca31-44a4-9dc1-e4178ee1e119,soothe.porn,available,95.2,95.2,high,low,6,cloudflare,,,03/10/2026 00:03
15e7ccdd-2201-401f-b337-260f9b8f815a,slaves.porn,premium,,,low,low,6,,,,27/09/2026 23:05
9b863716-79ea-469a-be27-28477cd59852,telescope.porn,available,101.87,101.87,high,low,9,dynadot,,,28/09/2026 20:36
001fd1b4-48e2-4176-93cc-de5d7a440e21,unseeing.porn,available,69.98,154.98,high,medium,8,namecheap,,,10/09/2026 07:57
67f826b4-ad20-4842-ac82-b981082fb02c,solitary.porn,available,69.98,154.98,high,low,8,namecheap,,,24/08/2026 08:55
9aed07f0-1dc3-4def-be54-c7ac6bbee625,bathos.porn,available,69.98,154.98,medium,low,6,namecheap,,,22/09/2026 13:49
c6433430-5229-498f-9a50-629c4bd3e6a8,batik.porn,available,69.98,154.98,high,low,5,namecheap,,,22/09/2026 14:02
d54b21fb-8062-4859-87dc-21f1f8174af4,speedy.porn,available,69.98,154.98,high,low,6,namecheap,,,09/09/2026 08:40
309d0f94-c1ee-4063-bf8a-1b5edf869d82,redheaded.porn,available,69.98,154.98,high,medium,9,namecheap,,,09/09/2026 12:21
0d3f0efe-e1bb-4e4b-8ed6-18daa71e31b9,skeptical.porn,available,69.98,154.98,medium,low,9,namecheap,,,14/08/2026 09:34
c6a7eda8-0808-4272-958b-4cc61fa0a0d1,moustaches.porn,available,69.98,154.98,medium,low,10,namecheap,,,20/09/2026 09:53
37b27b27-ff0f-418e-b320-220ffb9b38f8,coeliac.porn,available,69.98,154.98,medium,low,7,namecheap,,,12/08/2026 15:21
586dea96-eb2b-40d0-aa08-433c373c8ef7,loss.porn,available,69.98,154.98,high,low,4,namecheap,,,30/09/2026 03:21
dba8dcf8-ddff-4d45-b604-f222f185ef2e,contour.porn,available,69.98,154.98,high,low,7,namecheap,,,24/09/2026 17:43
35330cec-8b49-4533-8b91-f5c823ebd2cb,nagano.porn,available,52.01,98.35,medium,low,6,porkbun,,,30/09/2026 18:06
0b9a5e3b-151e-47f7-b4af-671009acb633,shadow.porn,available,101.87,101.87,high,medium,6,dynadot,,,29/09/2026 17:19
29c99adf-af60-4409-bc96-cbbe7a6db648,unverified.porn,available,69.98,154.98,medium,low,10,namecheap,,,12/09/2026 22:13
8d007e54-5119-4716-b4b5-fecfe08c4454,aeonium.porn,available,69.98,154.98,medium,low,7,namecheap,,,17/09/2026 12:40
14a5e800-67aa-467c-adf2-5ffc7642ebdb,daggett.porn,available,51.95,98.53,medium,low,7,spaceship,,,02/10/2026 00:55
c51477e8-617e-4554-8279-53db065b4c4c,holdup.porn,available,69.98,154.98,medium,low,6,namecheap,,,20/09/2026 06:37
f6c8f08e-54a6-4123-a263-d727eac259d7,horses.porn,available,179.99,179.99,medium,low,6,name.com,,,17/09/2026 09:06
dfae8223-acf8-40be-9362-918ba4e29304,dementia.porn,available,69.98,154.98,high,low,8,namecheap,,,24/09/2026 21:47
76f89bb4-c8de-4b98-9655-aeed8c9f1022,fusty.porn,available,69.98,154.98,low,low,5,namecheap,,,18/08/2026 16:42
68ee5b0c-f61e-4331-a8aa-80047589bc76,cancerous.porn,available,69.98,154.98,medium,low,9,namecheap,,,11/08/2026 16:33
655a93ff-4ef0-413e-9e64-3808cedf4396,experiencing.porn,available,51.95,98.53,high,low,12,spaceship,,,28/09/2026 13:20
950eabf2-a0e3-446a-bfa4-48cb4baee2ad,floury.porn,available,69.98,154.98,medium,low,6,namecheap,,,18/08/2026 09:00
a3bc8241-1b97-4934-a68f-35fb52557701,carpathian.porn,available,51.95,98.53,high,low,10,spaceship,,,30/09/2026 20:21
62daa072-c301-4b28-bf7f-3e4c3e6582bb,homesteads.porn,available,51.95,98.53,medium,low,10,spaceship,,,30/09/2026 07:32
93f3d817-bbe9-400c-8554-317a2c15fbcd,inclement.porn,available,69.98,154.98,medium,low,9,namecheap,,,22/08/2026 01:31
8f4ef63d-8b95-4459-ba0b-5330c45eba16,baiting.porn,available,69.98,154.98,medium,low,7,namecheap,,,21/09/2026 19:58
783ddd98-5987-4603-8bdb-b38b08820275,thrift.porn,available,69.98,154.98,high,low,6,namecheap,,,27/09/2026 03:24
7d856bc7-b3c0-40ad-b8d2-50b2e550155c,bawler.porn,available,69.98,154.98,medium,low,6,namecheap,,,22/09/2026 16:58
ef44076d-f76d-4aa1-857b-dd93690d1b28,moriarty.porn,available,69.98,154.98,medium,low,8,namecheap,,,30/09/2026 13:37
1c2954c2-7ed9-41b4-b38c-feb955dcd758,partizan.porn,available,69.98,154.98,high,low,8,namecheap,,,08/09/2026 02:09
2c29e2b8-9668-43bb-8745-d177321ab6b1,perky.porn,available,69.98,154.98,high,low,5,namecheap,,,08/09/2026 17:33
168a5db4-6441-4eaf-8135-1835d5910609,erst.porn,available,69.98,154.98,medium,low,4,namecheap,,,17/08/2026 13:07
eaa0731d-4468-49bc-8d53-0b177b169dfe,actium.porn,available,69.98,154.98,medium,low,6,namecheap,,,17/09/2026 05:08
7425358f-3a31-4e5f-94f8-4633890467d8,wellington.porn,available,69.98,154.98,high,low,10,namecheap,,,20/09/2026 11:08
9c8a4d51-fba7-4464-9a8a-206a18663aac,annona.porn,available,69.98,154.98,medium,low,6,namecheap,,,19/09/2026 10:30
a29860fe-590c-4e74-964c-bcbb81a317d3,squawker.porn,available,69.98,154.98,medium,low,8,namecheap,,,23/09/2026 06:50
a2eada0f-d575-428b-95c9-27c1c3e353e0,zoologist.porn,available,69.98,154.98,medium,low,9,namecheap,,,19/09/2026 08:43
1db0d388-acf3-4c8e-a8d8-be7a9f5e8184,ochre.porn,available,69.98,154.98,high,low,5,namecheap,,,04/09/2026 00:33
dcc1dd06-85d0-4e43-8e6e-f08977291166,homespun.porn,available,69.98,154.98,high,low,8,namecheap,,,13/08/2026 04:23
3f54aa60-a6d2-46e5-a26f-5de50b0c4a50,forsooth.porn,available,69.98,154.98,low,low,8,namecheap,,,14/09/2026 19:55
db6d0df2-1435-4bfc-b94f-a2a2ca5ec787,auckland.porn,available,69.98,154.98,high,low,8,namecheap,,,21/09/2026 02:39
6665e94e-065d-4da0-9ce2-4fdd494b09fc,songbirds.porn,available,69.98,154.98,medium,low,9,namecheap,,,21/09/2026 08:44
2c93f891-f52f-44c0-bc94-222e8d6013f5,broadloom.porn,available,69.98,154.98,medium,low,9,namecheap,,,11/08/2026 04:59
790b56fb-2adf-42d3-bfcd-17110e4d1868,tortuous.porn,available,69.98,154.98,medium,low,8,namecheap,,,11/09/2026 18:01
70e193dc-15c8-4cfb-9e83-9ce96bd75359,sprague.porn,available,101.87,101.87,medium,low,7,dynadot,,,28/09/2026 08:05
d58297b7-0288-43aa-b85a-d2e942c139c1,baltimore.porn,available,179.99,179.99,high,low,9,name.com,,,22/09/2026 00:19
3821c4ea-b703-4b67-8a1b-dd20d4bca5ee,sapporo.porn,available,101.87,101.87,high,low,7,dynadot,,,30/09/2026 10:59
74e76501-a0ee-41bd-8968-dd614628546e,lonely.porn,resell,154.98,,high,low,6,namecheap,,,28/09/2026 09:45
4caefbb6-9e7e-49c0-a134-22166ca4b4e6,benedict.porn,available,69.98,154.98,high,low,8,namecheap,,,23/09/2026 07:52
a8cda06f-036f-4342-8cb2-37f0539f0f5e,muted.porn,available,69.98,154.98,high,low,5,namecheap,,,21/08/2026 15:56
0246369f-f5b1-4954-a62a-423cc797a8de,verdun.porn,available,69.98,154.98,medium,low,6,namecheap,,,22/09/2026 16:19
72fd7c44-305f-408c-a4d0-53716131c5af,condense.porn,available,51.95,98.53,high,low,8,spaceship,,,30/09/2026 17:42
4991eb05-a82e-449a-b192-aced18cf17f5,glancing.porn,available,95.2,95.2,high,low,8,cloudflare,,,01/10/2026 17:49
3be14ffd-957e-46c8-a79f-0d103e2c6173,olof.porn,available,95.2,95.2,medium,low,4,cloudflare,,,02/10/2026 00:16
2ac7e80d-007c-48f2-9866-0babd760790b,plumed.porn,available,69.98,154.98,medium,low,6,namecheap,,,08/09/2026 21:36
7a325e54-04f0-460d-b3b9-cc350a86997c,darwinian.porn,available,179.99,179.99,medium,low,9,name.com,,,13/08/2026 18:25
6cf23ac9-49db-479f-8c38-00c3e9af66ae,grandson.porn,available,51.95,98.53,high,low,8,spaceship,,,29/09/2026 21:28
1109ebbf-a7c0-4de1-9f24-64048e053a35,combed.porn,available,69.98,154.98,medium,low,6,namecheap,,,12/08/2026 18:33
7831f785-5227-45f6-935f-4f5d14b4062a,antitype.porn,available,69.98,154.98,medium,low,8,namecheap,,,19/09/2026 15:14
cfd44074-baba-4d6c-9a52-59f26626c3c8,aggro.porn,available,69.98,154.98,medium,low,5,namecheap,,,17/09/2026 17:46
118d76ed-bc36-4b8f-b06d-121d82608f37,falls.porn,available,51.95,98.53,high,low,5,spaceship,,,29/09/2026 18:56
0f5cc829-f4dd-4527-ae10-a912fe58b02a,stab.porn,available,99.99,189.99,high,low,4,godaddy,,,28/09/2026 02:12
20d5ee93-9aa5-479b-92b8-e9b98d751efc,quiescent.porn,available,69.98,154.98,medium,low,9,namecheap,,,09/09/2026 08:47
53cb58ec-fd6c-4100-a1af-4dfb53983e54,perception.porn,available,95.2,95.2,high,low,10,cloudflare,,,28/09/2026 10:42
09a2da91-d513-4c0e-9ca5-064c373056c9,anders.porn,available,51.95,98.53,high,low,6,spaceship,,,30/09/2026 04:15
cbf0cf1c-7ff1-4b84-8e55-a49e9a7fce96,ratios.porn,available,69.98,154.98,medium,low,6,namecheap,,,20/09/2026 23:23
63947390-8df4-4927-ac5f-9a1d494d0a2e,cef.porn,available,51.95,98.53,medium,low,3,spaceship,,,03/10/2026 05:32
b1c004c4-9d63-4ce5-971e-16f3d8b0aa26,adelie.porn,available,69.98,154.98,medium,low,6,namecheap,,,17/09/2026 07:17
0a639b55-9a06-4047-b73c-2c3258a2c901,aspiration.porn,available,69.98,154.98,high,low,10,namecheap,,,18/09/2026 16:53
90677e06-2307-4100-8089-995504923749,haunted.porn,available,69.98,154.98,high,low,7,namecheap,,,21/08/2026 01:31
2634293d-489d-4d38-8d8b-c201c597d271,goofy.porn,available,69.98,154.98,medium,low,5,namecheap,,,12/08/2026 14:50
a2a90831-d669-4ad9-83d1-f5eb59874e21,moulds.porn,available,69.98,154.98,medium,low,6,namecheap,,,20/09/2026 13:57
7a174def-4adf-4ad9-9c97-c11677a31e69,myth.porn,available,101.87,101.87,high,low,4,dynadot,,,28/09/2026 02:27
4ff816b3-26a0-4838-b423-4864992e63c0,alcidae.porn,available,69.98,154.98,medium,low,7,namecheap,,,18/09/2026 04:02
e2105a38-f482-4969-9e9b-a78b73434ce0,carrie.porn,available,51.95,98.53,high,low,6,spaceship,,,02/10/2026 04:14
1cd24af2-53b8-478a-86a2-58986d6a19e1,elevation.porn,available,69.98,154.98,high,low,9,namecheap,,,24/08/2026 20:49
20c25473-26d8-48b3-b782-ef10a9d40d60,heady.porn,available,69.98,154.98,medium,low,5,namecheap,,,18/08/2026 10:29
0e31f7a1-d061-4baa-ba83-e5614db80ac6,equanimity.porn,available,69.98,154.98,high,low,10,namecheap,,,11/08/2026 14:58
76f1d02c-7fa0-4a90-ab6c-0767ffce4080,marseille.porn,available,53.72,101.87,high,low,9,dynadot,,,03/10/2026 01:34
1168a615-fa4f-49d6-967d-b2848d506835,mindfulness.porn,available,69.98,154.98,high,low,11,namecheap,,,29/09/2026 10:40
a93c0302-e377-4402-b46d-7364327898b4,dooley.porn,available,101.87,101.87,high,low,6,dynadot,,,30/09/2026 12:47
e4eed549-a0ca-4cb8-b4ff-d1006169e11e,sported.porn,available,69.98,154.98,medium,low,7,namecheap,,,20/09/2026 16:50
74256a9a-7935-41ef-a8e6-c77e9c093079,haywood.porn,available,179.99,179.99,medium,low,7,name.com,,,23/09/2026 14:07
678a4de2-9ea3-4acf-98a6-410b385f03de,earnings.porn,available,101.87,101.87,high,low,8,dynadot,,,29/09/2026 18:43
c9e7b317-8147-4363-848a-a1f143fe7c0a,notoriety.porn,available,51.95,98.53,high,low,9,spaceship,,,02/10/2026 15:47
1409334e-0ec1-46dd-8b2b-df5c4c446af3,faction.porn,available,95.2,95.2,high,low,7,cloudflare,,,30/09/2026 08:52
2270f44a-92f8-4119-bb68-b812c5656ec5,executing.porn,available,51.95,98.53,medium,low,9,spaceship,,,29/09/2026 07:22
257d6260-7a38-4783-adef-05e08ac4b34a,pets.porn,available,95.2,95.2,low,low,4,cloudflare,,,28/09/2026 08:51
f2094d75-4ba7-4f5a-937f-b96dd2f9d385,donovan.porn,available,69.98,154.98,high,low,7,namecheap,,,28/09/2026 16:02
1f418b16-27b0-4626-b797-f41729747cb2,unassisted.porn,available,69.98,154.98,high,medium,10,namecheap,,,10/09/2026 08:26
51da9f3f-a7eb-487c-9699-38e81ed63502,sylvia.porn,available,101.87,101.87,high,low,6,dynadot,,,27/09/2026 19:08
4bb478aa-42f9-44b5-9da5-da6f31e34b0b,justine.porn,available,51.95,98.53,medium,low,7,spaceship,,,29/09/2026 15:24
dfbdb5c8-1de6-4ede-bc75-33c167742f60,amended.porn,available,69.98,154.98,medium,low,7,namecheap,,,
dfa097c5-9380-4f51-af0b-3170719db73a,husayn.porn,available,52.01,98.35,medium,low,6,porkbun,,,30/09/2026 10:12
7a6ac8b0-6f39-433a-898c-b2553a9477e4,secure.porn,available,51.95,98.53,high,medium,6,spaceship,,,01/10/2026 03:45
7ec82903-8137-4a79-8dd4-c685ac884c67,choices.porn,available,69.98,154.98,high,low,7,namecheap,,,17/09/2026 06:36
d14fcdde-6833-4186-8d11-0d6910b9cc9e,jebel.porn,available,95.2,95.2,medium,low,5,cloudflare,,,02/10/2026 18:53
0cd24d2d-cb02-4203-be42-bef17c8c36f5,catchy.porn,available,69.98,154.98,high,low,6,namecheap,,,11/08/2026 21:20
e6947015-4c56-4fef-91b2-d1823c13054c,hon.porn,resell,,,high,low,3,"GoDaddy.com, LLC",09/06/2026 13:13,09/06/2027 13:13,26/09/2026 06:43
c34835a1-c7f4-4b94-98b0-8ce8ee85bbe0,atilt.porn,available,69.98,154.98,medium,low,5,namecheap,,,07/08/2026 13:13
a7c23f23-4384-4045-955f-b81475dcacc0,commonweal.porn,available,154.98,,high,low,11,namecheap,,,
df5af567-ff6e-4a27-988e-98ff835e8cbe,gulf.porn,available,95.2,95.2,high,low,4,cloudflare,,,29/09/2026 15:29
59a991ce-0667-40ad-ba80-0ee6ea1761ef,pseudo.porn,available,69.98,154.98,high,low,6,namecheap,,,09/09/2026 04:56
1bcb872b-dc82-4d0d-a584-fbfa5f47cd57,aplitic.porn,available,69.98,154.98,medium,low,7,namecheap,,,06/08/2026 00:35
b38d80cc-d4fd-4f36-a583-634d86fe1841,bade.porn,available,69.98,154.98,high,low,4,namecheap,,,21/09/2026 17:00
9c56d09f-a8cd-4264-ad2d-9430190664ba,leash.porn,available,69.98,154.98,high,low,5,namecheap,,,
0b0dd392-ff26-404d-acc6-2f6464879385,cartilage.porn,available,95.2,95.2,high,low,9,cloudflare,,,01/10/2026 01:18
13531f80-3cc4-47d3-98fd-59ba6ac94c70,violently.porn,available,69.98,154.98,medium,low,9,namecheap,,,16/09/2026 11:00
4eee4cdd-a173-41f3-b803-a9947cccd4e9,adirondack.porn,available,69.98,154.98,medium,low,10,namecheap,,,28/09/2026 21:35
f47366b2-82d6-4c42-a33f-6097e22a0ba1,visceral.porn,available,69.98,154.98,medium,low,8,namecheap,,,10/09/2026 16:02
67d38ee3-2978-4923-8f47-b8b400d5b42b,entrant.porn,available,69.98,154.98,medium,low,7,namecheap,,,18/08/2026 07:36
b0d2c6dd-dc53-4e2d-87ad-cfe34ca30536,unexpectedly.porn,available,51.95,98.53,medium,low,12,spaceship,,,29/09/2026 03:10
820e14dd-8857-492f-b2f4-60168222bafb,tombstone.porn,available,95.2,95.2,high,low,9,cloudflare,,,29/09/2026 12:58
939e31ab-1314-40c8-bcf7-5f6450893005,bismuth.porn,available,69.98,154.98,high,low,7,namecheap,,,20/09/2026 23:53
95d3ef61-37e5-4372-953e-b3dd97578493,filmable.porn,available,69.98,154.98,medium,low,8,namecheap,,,18/08/2026 04:23
04193f39-22f4-4239-9e99-42e60785e993,david.porn,available,51.95,98.53,high,medium,5,spaceship,,,29/09/2026 13:17
445e29fc-fdad-41b9-a96f-bb1cdb31fef6,owned.porn,available,69.98,154.98,high,low,5,namecheap,,,26/09/2026 03:41
fbdd4805-1435-429d-bbc8-545983ee2d56,villain.porn,available,69.98,154.98,high,low,7,namecheap,,,21/09/2026 16:58
15d8d560-4504-4be0-b0b6-11ba135a088f,knapp.porn,available,95.2,95.2,medium,low,5,cloudflare,,,28/09/2026 08:01
79ef33b5-238e-4772-99b7-8198bae212d7,deliberate.porn,available,69.98,154.98,high,low,10,namecheap,,,11/08/2026 13:56
d63deeb6-5afa-4fed-8979-21148d43d342,brinkley.porn,available,51.95,98.53,high,low,8,spaceship,,,01/10/2026 11:00
73ad8d08-e5e7-4ccb-b464-f07e8b69da66,juiceless.porn,available,69.98,154.98,medium,low,9,namecheap,,,22/08/2026 14:18
b3f2ce4c-8340-4efc-b9a7-24ab8c6c15ab,pause.porn,available,51.95,98.53,high,low,5,spaceship,,,28/09/2026 06:34
f38dcd20-31ed-4654-ad9f-6899c73e54d9,aberdare.porn,available,69.98,154.98,medium,low,8,namecheap,,,16/09/2026 15:08
c2853cbc-a7ec-4352-9a6a-3d8ff26422a9,inflamed.porn,available,69.98,154.98,medium,low,8,namecheap,,,22/08/2026 04:27
fc3c6efb-df0c-4b7b-981b-b3883d234a4c,hour.porn,available,51.95,98.53,high,low,4,spaceship,,,28/09/2026 16:53
b35b3a06-d482-4803-ac0a-47fd360ab6ae,luteal.porn,available,69.98,154.98,medium,low,6,namecheap,,,24/08/2026 12:07
4d8f93aa-7419-45e4-b920-bf96adb7b14f,pean.porn,available,69.98,154.98,medium,low,4,namecheap,,,05/09/2026 00:47
f98348fa-a56e-4ef4-9658-44dd2974257b,interpret.porn,available,51.95,98.53,high,low,9,spaceship,,,30/09/2026 17:52
d0415e5d-d601-401c-8023-39fe25dd21aa,ooo.porn,premium,,,high,medium,3,,,,02/10/2026 03:15
8ba762d3-4476-4618-b2d8-9153c8d2dd69,unsatisfied.porn,available,69.98,154.98,medium,low,11,namecheap,,,02/10/2026 18:08
06c79d90-f0d2-4cff-9475-bd8d32143d81,essene.porn,available,69.98,154.98,medium,low,6,namecheap,,,17/08/2026 13:19
b305753c-7548-42ff-860a-0f0cc11a579c,thunderbolt.porn,available,101.87,101.87,high,low,11,dynadot,,,01/10/2026 05:34
9f37f277-ae08-40e7-80e0-21020ec08c05,childbirth.porn,available,69.98,154.98,high,low,10,namecheap,,,12/08/2026 05:00
7ab4bd0a-1288-486a-9d7b-265d20eb3332,chic.porn,resell,,,high,low,4,"GoDaddy.com, LLC",15/05/2026 04:23,15/05/2027 04:23,26/09/2026 04:54
6c9c71f2-f94c-47e3-aeb2-6d031fda324e,constructing.porn,available,51.95,98.53,high,low,12,spaceship,,,01/10/2026 22:46
eb805b98-c1f5-47be-9c7f-ee71f75aa350,antiquated.porn,available,69.98,154.98,medium,low,10,namecheap,,,
bf4e6626-4d59-4b3d-8992-5c82cb6db811,minto.porn,available,95.2,95.2,high,low,5,cloudflare,,,02/10/2026 20:21
4b18d497-32ba-4028-9596-f571d23b747f,dinkey.porn,available,69.98,154.98,medium,low,6,namecheap,,,14/08/2026 08:16
94e84285-2710-424a-8b7a-6499bf23c330,ayin.porn,available,69.98,154.98,high,low,4,namecheap,,,21/09/2026 10:38
6b3787e0-96ee-407a-b0a9-d3908a9dcba1,wrong.porn,available,69.98,154.98,high,low,5,namecheap,,,25/09/2026 07:41
00807417-3fbd-4509-9c08-4211c228bfde,lunate.porn,available,69.98,154.98,medium,low,6,namecheap,,,13/08/2026 06:12
7e3943ed-0a52-47c0-b172-0d4ff081862b,groggy.porn,available,69.98,154.98,medium,low,6,namecheap,,,18/08/2026 09:53
35279e58-4eec-4a02-9ba6-67782071e612,frowning.porn,available,69.98,154.98,medium,low,8,namecheap,,,18/08/2026 16:40
703f6493-69cb-4996-82bd-c413338998c0,longfellow.porn,available,101.87,101.87,medium,low,10,dynadot,,,29/09/2026 01:16
94e3403a-cbf2-4b78-bece-cc055a23ec8e,bonfire.porn,available,69.98,154.98,high,low,7,namecheap,,,21/09/2026 21:51
e78fccbe-1f27-4974-96fd-c082c15bf575,tiered.porn,available,69.98,154.98,medium,low,6,namecheap,,,11/09/2026 15:49
792e4e01-498f-42bd-bf66-04fa43834c43,medallion.porn,available,51.95,98.53,high,low,9,spaceship,,,30/09/2026 10:23
8c1ee504-4650-4259-938e-c121d7a83e5f,concur.porn,available,53.72,101.87,high,low,6,dynadot,,,02/10/2026 17:11
4a472729-e408-43dc-a490-456e08d58143,westcott.porn,available,154.98,,medium,low,8,namecheap,,,
0e34a785-b575-477b-ba26-5290535e9ca6,alummah.porn,available,69.98,154.98,medium,low,8,namecheap,,,18/09/2026 01:08
7524d7d3-0fbe-4057-b0a2-7125fc06981d,receives.porn,available,69.98,154.98,medium,low,8,namecheap,,,18/09/2026 17:46
5be80280-ee43-4443-bf35-71062236ab4f,flock.porn,available,69.98,154.98,high,low,5,namecheap,,,25/08/2026 00:21
49ae33de-6982-486d-9ebd-0cac0aef8a4a,nations.porn,available,69.98,154.98,medium,low,7,namecheap,,,27/09/2026 22:54
487434c8-0bab-4922-8057-78381a8f87ba,nut.porn,available,69.98,154.98,high,low,3,namecheap,,,10/09/2026 00:12
85d7099d-189a-44b1-864d-0fc8e08b556e,embroidered.porn,available,51.95,98.53,medium,low,11,spaceship,,,02/10/2026 22:17
7c879279-5045-425a-b9ce-8a9f5ea65196,warrington.porn,available,51.95,98.53,medium,low,10,spaceship,,,28/09/2026 07:51
ec99963d-9266-4104-b4b4-a65f7106e4d5,researched.porn,available,51.95,98.53,medium,low,10,spaceship,,,01/10/2026 00:58
3c24a17e-aeb8-4fd5-a330-f01666dcd3eb,diaphanous.porn,available,69.98,154.98,medium,low,10,namecheap,,,12/08/2026 14:26
0159a98c-3ca6-4958-a91d-7b11756c0917,tent.porn,available,69.98,154.98,high,low,4,namecheap,,,11/08/2026 15:59
5c868621-2eba-4188-8c39-928c7016c44f,merits.porn,available,52.01,98.35,medium,low,6,porkbun,,,29/09/2026 16:29
51dabcae-cae1-48e3-8550-1328fc1e666b,sandals.porn,available,69.98,154.98,medium,low,7,namecheap,,,20/09/2026 14:52
3c3f3b46-cd69-49f0-8138-1a10aa38e8cb,sailors.porn,available,51.95,98.53,medium,low,7,spaceship,,,28/09/2026 13:06
a580fa71-c957-4887-9d06-392022d809e5,riemann.porn,available,69.98,154.98,high,low,7,namecheap,,,23/09/2026 09:54
408f4b0e-afe9-4925-9a44-b2ce80f589d6,anarchy.porn,available,69.98,154.98,high,low,7,namecheap,,,19/09/2026 02:28
d01a9f72-221f-427b-8587-1d196d16890a,friendless.porn,available,69.98,154.98,medium,low,10,namecheap,,,18/08/2026 15:33
da0cf8c4-6ba7-4e00-92c7-42caf9a2d947,attracted.porn,available,179.99,179.99,medium,low,9,name.com,,,26/09/2026 03:10
a5f1402c-b14a-4a90-8acf-3c2e3fe2d898,learn.porn,available,51.95,98.53,high,medium,5,spaceship,,,30/09/2026 12:48
16ee0979-d7d5-4e00-9bdf-33839f341222,rivera.porn,available,69.98,154.98,high,low,6,namecheap,,,25/09/2026 04:54
463ea3ff-9dfa-4e3e-883c-13270b78c6a0,guthrie.porn,available,69.98,154.98,high,low,7,namecheap,,,25/09/2026 06:47
4539d719-b4df-4b67-9a9a-496f286cadd9,mellowly.porn,available,69.98,154.98,medium,low,8,namecheap,,,24/08/2026 19:31
1ed47ec3-163c-4432-89ea-e987d8be1add,evanston.porn,available,51.95,98.53,medium,low,8,spaceship,,,28/09/2026 08:11
78e37bad-646c-42ee-a775-6413c6daabbe,kelvin.porn,available,69.98,154.98,high,low,6,namecheap,,,22/08/2026 15:02
f5215894-3a17-44b9-8870-56dc5d4dbea4,happen.porn,available,69.98,154.98,high,low,6,namecheap,,,25/09/2026 06:00
c3542da7-53a3-4461-852f-488aed4c8dc3,bilimbi.porn,available,69.98,154.98,medium,low,7,namecheap,,,21/09/2026 09:13
a33475cd-1f33-48c3-b56d-03e4c03dceff,rhode.porn,available,179.99,179.99,high,low,5,name.com,,,25/09/2026 15:06
6613da10-5ea1-490b-af64-51c4c93a7760,matters.porn,available,69.98,154.98,medium,low,7,namecheap,,,25/09/2026 17:05
3ee8192c-6de5-4f8e-811a-9c50e2019ccb,shrewsbury.porn,available,95.2,95.2,medium,low,10,cloudflare,,,27/09/2026 19:32
deed048e-c024-49c7-8e42-02fa92288ba4,implication.porn,available,51.95,98.53,medium,low,11,spaceship,,,29/09/2026 22:52
76ecd8a8-1f00-43a8-b3ea-c6e5e16b196d,mourning.porn,available,69.98,154.98,medium,low,8,namecheap,,,25/08/2026 08:38
b95612db-8c9a-4a2a-8d92-48dbc32fc4b3,largest.porn,available,95.2,95.2,medium,low,7,cloudflare,,,27/09/2026 21:38
f2f82ada-6d63-4ea2-9cba-0635f6912eeb,acetum.porn,available,69.98,154.98,medium,low,6,namecheap,,,17/09/2026 00:18
103082bc-7e47-4ae5-af6d-a7831539fdf7,hailey.porn,available,52.01,98.35,medium,low,6,porkbun,,,02/10/2026 23:22
ea1ad46c-35de-467f-a2c8-66efe59be4a4,slew.porn,available,69.98,154.98,high,low,4,namecheap,,,25/08/2026 00:42
bb849069-99b5-4fce-ad00-00fb05162dca,camisole.porn,available,69.98,154.98,high,low,8,namecheap,,,24/09/2026 11:52
69552244-21b9-43ce-a27c-fa58687a7cf8,nelson.porn,available,69.98,154.98,high,low,6,namecheap,,,17/09/2026 08:49
26286841-a405-4873-9c56-633963b1ebe7,uncomfortable.porn,available,,,medium,low,13,,,,26/09/2026 00:44
3ecfade4-0d2b-472f-b82d-607ef918f464,dewan.porn,available,69.98,154.98,high,low,5,namecheap,,,02/10/2026 18:49
ae40dac4-0ec5-483a-ac6e-a2ae0f56236e,barberry.porn,available,69.98,154.98,medium,low,8,namecheap,,,22/09/2026 04:51
76bf0949-1297-4a4a-8210-33f8b2063123,investigate.porn,available,,,high,low,11,,,,26/09/2026 00:41
9ea8e207-97e2-4c64-8ab2-37ca87af6a7f,occasional.porn,available,51.95,98.53,medium,low,10,spaceship,,,28/09/2026 11:16
5fb3904d-1943-4e5e-a623-553a6608b92d,focus.porn,available,69.98,154.98,high,medium,5,namecheap,,,19/09/2026 06:53
2492b989-6408-4d68-b688-bc4e7256ad95,sarah.porn,available,69.98,154.98,high,low,5,namecheap,,,25/09/2026 10:34
a9a14324-0155-4b5f-8099-e7553ed86680,holcomb.porn,available,51.95,98.53,medium,low,7,spaceship,,,30/09/2026 13:42
2deaea1d-015a-4cf2-a107-4738ef1d4ed1,belorussia.porn,available,69.98,154.98,medium,low,10,namecheap,,,23/09/2026 04:27
f0cc87b0-b4fc-488d-812d-8e29b78e2170,tolkien.porn,available,101.87,101.87,medium,low,7,dynadot,,,28/09/2026 19:31
76935372-8edc-49a6-b563-e63346a629af,kwame.porn,available,51.95,98.53,medium,low,5,spaceship,,,01/10/2026 23:56
ec32f6ce-4d65-4098-9190-2aa5412da67f,provoking.porn,available,69.98,154.98,high,low,9,namecheap,,,
af6cc746-a238-44b7-81a2-c56428c0d244,platelike.porn,available,69.98,154.98,high,low,9,namecheap,,,08/09/2026 20:17
462d9e64-93f9-4d80-b30d-a420a379fcc2,asterism.porn,available,69.98,154.98,medium,low,8,namecheap,,,20/09/2026 17:12
41ab6a01-990e-4e60-808c-1541477e56c3,ascendency.porn,available,69.98,154.98,high,low,10,namecheap,,,20/09/2026 13:06
aa10dcb7-dfc0-4dc3-bf0c-6beb2406b834,diplomatic.porn,available,69.98,154.98,high,low,10,namecheap,,,24/09/2026 10:36
fef250f1-87fa-473e-a1bc-bfa64d98f3e9,ordre.porn,available,53.72,101.87,high,low,5,dynadot,,,02/10/2026 17:41
abc2807e-024c-452e-b10e-b01de089e927,embodiment.porn,available,69.98,154.98,high,low,10,namecheap,,,21/09/2026 08:48
6b7239af-5964-4680-a28c-563920abb942,europium.porn,available,69.98,154.98,medium,low,8,namecheap,,,20/09/2026 23:26
20098766-d538-471c-b791-905675348999,peso.porn,available,69.98,154.98,high,low,4,namecheap,,,24/09/2026 14:37
a45ce922-20de-4c6b-a875-3c66d92c4fa5,bloated.porn,available,51.95,98.53,medium,low,7,spaceship,,,02/10/2026 07:02
61feed3f-e64e-4159-bec3-9d3957f487fa,effected.porn,available,69.98,154.98,medium,low,8,namecheap,,,15/08/2026 14:18
5171772e-f170-45d9-9b03-782eb5a4604c,intermedia.porn,available,52.01,98.35,high,low,10,porkbun,,,01/10/2026 15:25
cc7d2240-dbb1-4b5f-a1aa-29f9255d0279,budding.porn,available,69.98,154.98,high,low,7,namecheap,,,11/08/2026 07:42
01ec0111-1a36-42b5-b421-441d3ca31187,dauntless.porn,available,69.98,154.98,high,low,9,namecheap,,,22/09/2026 12:12
46a84501-387a-4d57-b356-a3d800a00b6e,alessandro.porn,available,51.95,98.53,medium,low,10,spaceship,,,28/09/2026 05:03
5abecc96-78d0-4b5a-98f8-89b69131d1b9,palermo.porn,available,51.95,98.53,high,low,7,spaceship,,,27/09/2026 15:11
d1b556b4-ced1-4ae8-8d45-0394bfbcdf0d,february.porn,available,69.98,154.98,high,low,8,namecheap,,,29/09/2026 19:03
6750d26a-94b5-4fd6-a890-6caa4f015ca3,insidious.porn,available,69.98,154.98,medium,low,9,namecheap,,,22/08/2026 07:05
8fd3b3b9-f5ba-43cd-af9f-8ff5e4271927,redness.porn,available,69.98,154.98,high,medium,7,namecheap,,,09/09/2026 12:08
384ba7dd-491a-4e2f-93ec-4adfffc32b20,abroach.porn,available,69.98,154.98,medium,low,7,namecheap,,,
499dd925-95d7-4255-b9ee-509f8f40be63,sourly.porn,available,69.98,154.98,low,low,6,namecheap,,,16/09/2026 05:40
9a1584b9-bd58-4e54-9f04-d3eb2edb115d,molar.porn,available,69.98,154.98,high,low,5,namecheap,,,25/08/2026 03:38
fee841ea-5394-44fb-842d-9aef65c74c66,chord.porn,available,69.98,154.98,high,low,5,namecheap,,,24/09/2026 14:47
11b4d025-2fc9-4ef6-9afb-a26f96490b5d,receptor.porn,available,101.87,101.87,high,low,8,dynadot,,,30/09/2026 18:26
362a5fa0-50f3-4d67-994e-3798ae4bad64,archers.porn,available,52.01,98.35,medium,low,7,porkbun,,,01/10/2026 15:28
ba2057d2-b36c-4a55-9c44-96800cdc2f0a,embarrass.porn,available,51.95,98.53,medium,low,9,spaceship,,,29/09/2026 11:42
176b165a-dc34-4b67-b9eb-0d4cd6564cfd,terraced.porn,available,51.95,98.53,medium,low,8,spaceship,,,29/09/2026 10:42
e3ef59f4-15f8-463b-965e-558e2c2a6c1b,stamina.porn,available,51.95,98.53,high,low,7,spaceship,,,30/09/2026 18:50
74e366e0-5c8d-48d5-9a20-39599814d8c4,scarring.porn,available,51.95,98.53,medium,low,8,spaceship,,,03/10/2026 03:38
12d6c6df-bca2-4693-a777-1ce608772457,fair.porn,available,69.98,154.98,high,medium,4,namecheap,,,22/09/2026 23:43
2245dc4b-16f6-4a82-b739-23b082ab868e,paralyzed.porn,available,69.98,154.98,medium,low,9,namecheap,,,08/09/2026 01:29
ed7b3ea9-9a7e-405c-90b7-598acbcf4bfb,kilobyte.porn,available,69.98,154.98,high,low,8,namecheap,,,30/09/2026 01:18
f4f29cea-05ae-4e31-93d1-d1fafdf27648,stringy.porn,available,69.98,154.98,high,medium,7,namecheap,,,10/09/2026 08:17
d657ef99-3689-49dd-8647-63a1132c7eef,involves.porn,available,69.98,154.98,medium,low,8,namecheap,,,19/09/2026 23:56
04e02aa0-38ea-4f80-956b-66ec9e947156,silla.porn,available,51.95,98.53,medium,low,5,spaceship,,,30/09/2026 21:36
07abbd0b-4ff3-47f8-b14f-edd3b6bc7c6c,theorize.porn,available,69.98,154.98,high,low,8,namecheap,,,24/09/2026 17:19
ce3b330e-676a-4db3-a848-6cb66bd9b0a5,ritardando.porn,available,69.98,154.98,high,medium,10,namecheap,,,09/09/2026 09:54
0ee7c396-a0da-4466-ab74-157878ffd995,ayurveda.porn,available,179.99,179.99,high,low,8,name.com,,,21/09/2026 10:52
0e79e245-4ad7-4f6c-99a4-2f74e4f3b4df,realizable.porn,available,69.98,154.98,high,low,10,namecheap,,,21/09/2026 15:51
d9af02b3-18cc-4bdd-ba56-b82cbb5c5a6d,mazed.porn,available,69.98,154.98,medium,low,5,namecheap,,,07/08/2026 12:07
35e496d7-3039-454c-a647-d43e34c0a7ef,melanesian.porn,available,69.98,154.98,medium,low,10,namecheap,,,24/08/2026 19:29
a334620a-2155-4565-ad5d-e39a424df16f,however.porn,available,51.95,98.53,medium,low,7,spaceship,,,28/09/2026 11:49
d05115c7-29ae-47a9-a1e8-a89ac426defe,issuing.porn,available,95.2,95.2,high,low,7,cloudflare,,,30/09/2026 10:16
b87a75ce-1bc7-4627-9dc3-1c64b2127d65,infidel.porn,available,69.98,154.98,medium,low,7,namecheap,,,18/08/2026 21:58
cd227e0c-9673-4462-9f51-ace775239a89,monuments.porn,available,95.2,95.2,medium,low,9,cloudflare,,,30/09/2026 15:18
a993f0a9-1c68-4020-8bc9-cf4356e25404,airways.porn,available,51.95,98.53,medium,low,7,spaceship,,,30/09/2026 16:15
2d21e283-aa24-4968-a9e0-9b54451cee59,dough.porn,available,69.98,154.98,high,low,5,namecheap,,,08/09/2026 03:53
5f537e6b-9427-41c0-8b3b-977c24c69e34,parts.porn,available,69.98,154.98,high,low,5,namecheap,,,25/09/2026 09:47
3683b470-8888-4598-a458-1a3bb8c11449,holland.porn,available,99.99,189.99,high,low,7,godaddy,,,28/09/2026 02:07
5b11b7ee-2c0e-43ab-8e44-b02b522ea1e7,archaeology.porn,available,51.95,98.53,high,low,11,spaceship,,,29/09/2026 22:59
09863949-1f53-42af-a49e-88020e52ce1d,tipping.porn,available,51.95,98.53,medium,low,7,spaceship,,,29/09/2026 23:33
725e3ae4-eb14-4e3c-b435-58bafcb3d1e4,contaminated.porn,available,95.2,95.2,medium,low,12,cloudflare,,,01/10/2026 23:21
225ec4d5-35e4-4e2f-9c93-bc495f8569c3,woke.porn,available,51.95,98.53,high,low,4,spaceship,,,28/09/2026 12:32
d6b26b93-efd1-4330-bee8-8c4d73614791,derby.porn,available,95.2,95.2,high,low,5,cloudflare,,,29/09/2026 06:08
32c7b7b9-ab4a-4797-98ac-fa22cd88e3e8,alarmism.porn,available,69.98,154.98,medium,low,8,namecheap,,,18/09/2026 01:58
761bed14-0142-4676-b8c6-c8d61473ef20,ethereal.porn,available,69.98,154.98,high,low,8,namecheap,,,21/09/2026 21:04
1e9e0925-1056-4c48-ae3f-29c959b2dfea,bhakti.porn,available,69.98,154.98,high,low,6,namecheap,,,23/09/2026 12:33
0f4bce5c-0ed9-43b5-9e4a-e6e47be81241,dalliance.porn,available,69.98,154.98,medium,low,9,namecheap,,,11/09/2026 19:38
39d7dd9b-15f4-4357-8ea5-bd557649ae5e,apertures.porn,available,69.98,154.98,medium,low,9,namecheap,,,30/09/2026 07:45
bf30b9bb-70f0-4936-801a-dc3a28aac216,webshop.porn,available,154.98,,high,low,8,namecheap,,,
0f07cd50-906b-4da4-a782-3dd170d4bd07,darkish.porn,available,179.99,179.99,medium,low,7,name.com,,,13/08/2026 18:14
daec3c2d-c5e0-4249-8c10-6e94bad7ee54,whopping.porn,available,69.98,154.98,medium,low,8,namecheap,,,08/08/2026 13:14
f6c32fa2-0d10-48e1-8929-e77723902d79,acidity.porn,available,69.98,154.98,medium,low,7,namecheap,,,17/09/2026 01:24
6bfc40bf-41eb-4caa-8412-d6e69f44623b,impeccable.porn,available,69.98,154.98,high,low,10,namecheap,,,18/08/2026 00:09
540f7254-072c-4e19-bb39-eaa3ccb2d37f,bedroom.porn,available,69.98,154.98,high,low,7,namecheap,,,22/09/2026 23:08
5e2a86e0-5e54-403d-8935-8ddbb7c4b84f,pit.porn,available,69.98,154.98,high,low,3,namecheap,,,24/09/2026 13:22
304dfb05-408b-4b37-a776-f949aacd493d,hurry.porn,available,101.87,101.87,high,low,5,dynadot,,,27/09/2026 17:14
7b1a3914-fce1-4405-b1dc-4bccf3b6c492,faithfully.porn,available,69.98,154.98,high,low,10,namecheap,,,14/09/2026 11:42
ffd0b8f3-497c-4986-8220-145f98b269b0,biochemistry.porn,available,51.95,98.53,high,low,12,spaceship,,,30/09/2026 14:26
9db5fcfa-0cee-4e54-9c8c-61643d3f5b71,branchless.porn,available,69.98,154.98,medium,low,10,namecheap,,,11/08/2026 02:21
69edb3c4-2b7d-4598-a718-6cf3b99e2f63,biologist.porn,available,69.98,154.98,high,low,9,namecheap,,,23/09/2026 18:26
6d6aea49-1b71-43dc-8763-9941bde8da2e,helmets.porn,available,51.95,98.53,medium,low,7,spaceship,,,30/09/2026 00:28
d5772cec-4837-4989-9ebd-ed255be28cbe,sunderland.porn,available,51.95,98.53,high,low,10,spaceship,,,28/09/2026 03:08
4c09219b-db52-4df8-b66f-d82b25d7a09e,designs.porn,available,51.95,98.53,high,low,7,spaceship,,,30/09/2026 20:49
81d69cce-9c5b-497e-8487-d64d45d9c1e2,varicose.porn,available,69.98,154.98,medium,low,8,namecheap,,,13/09/2026 01:20
d71c353c-a88d-477d-8fb7-6e272fbd7d1d,regimented.porn,available,69.98,154.98,high,medium,10,namecheap,,,09/09/2026 12:55
d90ab723-26fb-4574-be82-f7d0cf735007,astrologer.porn,available,69.98,154.98,high,low,10,namecheap,,,20/09/2026 17:47
aca9a1eb-fe1a-49b5-bb52-691acca0dd5d,soundtrack.porn,available,51.95,98.53,high,low,10,spaceship,,,30/09/2026 18:47
3f3dacf5-5674-4a93-a651-9c5e60b151f4,destroy.porn,available,69.98,154.98,high,low,7,namecheap,,,25/09/2026 10:30
da4161b5-048a-4a6b-a60a-53a4b459eb08,wolfbane.porn,available,69.98,154.98,medium,low,8,namecheap,,,17/09/2026 02:09
1870b75e-59ae-4aff-8f67-63cf19fa44d1,loft.porn,resell,,,high,low,4,Key-Systems GmbH,16/02/2016 09:48,16/02/2027 09:48,26/09/2026 07:17
a18b4de0-96bc-4445-917f-df6ff5b9e4d5,mergers.porn,available,69.98,154.98,medium,low,7,namecheap,,,02/10/2026 12:55
8db869c9-a6f4-439f-8362-15ddcc861c2d,brith.porn,available,69.98,154.98,high,low,5,namecheap,,,23/09/2026 09:27
da21602e-c851-4d38-b319-65baee8b2598,periodical.porn,available,69.98,154.98,high,low,10,namecheap,,,08/09/2026 17:13
949b48c0-dab4-47be-a073-113353948121,cosher.porn,available,69.98,154.98,medium,low,6,namecheap,,,13/08/2026 02:47
e8550698-8dae-4fff-aa68-06b65e7062ad,ochreous.porn,available,95.2,95.2,medium,low,8,cloudflare,,,01/10/2026 23:27
e47ba363-1b49-4d7e-a7e6-4a5c5efa85b7,formulate.porn,available,52.01,98.35,high,low,9,porkbun,,,30/09/2026 16:59
b4707f97-dd68-4a35-83ff-29a437d336e5,brumous.porn,available,69.98,154.98,medium,low,7,namecheap,,,11/08/2026 06:49
1f6fa8f8-5550-4ec2-8561-41563d81176a,eames.porn,available,95.2,95.2,medium,low,5,cloudflare,,,01/10/2026 18:56
ff202bed-50d2-4083-a72d-409bb51d522d,loreto.porn,available,51.95,98.53,medium,low,6,spaceship,,,01/10/2026 18:38
452c22fe-0c4c-4bba-9f52-206d2a6a86e5,prefix.porn,available,51.95,98.53,high,low,6,spaceship,,,30/09/2026 18:23
93fc1722-35a8-49ca-a3e6-23c1603a302a,antido.porn,available,69.98,154.98,medium,low,6,namecheap,,,19/09/2026 14:17
afc44b53-bbc0-4af2-b0c5-b21bc7816eb5,crossways.porn,available,69.98,154.98,medium,low,9,namecheap,,,14/09/2026 09:48
aa17f709-5bd2-4167-9fed-9b2c8aaa35cd,operas.porn,available,51.95,98.53,medium,low,6,spaceship,,,30/09/2026 15:50
e67f5f7e-e464-46f7-8470-0e355a2c93b7,insouciant.porn,available,69.98,154.98,medium,low,10,namecheap,,,11/08/2026 20:34
7de1d673-0b22-4cca-b51e-afc922e6f524,fourthly.porn,available,69.98,154.98,medium,low,8,namecheap,,,18/08/2026 13:50
3cec09c0-995e-440e-9ab4-000728ca93f2,clubbish.porn,available,69.98,154.98,medium,low,8,namecheap,,,12/08/2026 12:59
c41885cd-6124-4e93-a143-493c82775d3a,constitute.porn,available,95.2,95.2,high,low,10,cloudflare,,,29/09/2026 13:09
b30ecb61-3b57-45df-8d21-974d09a39b5c,hook.porn,available,52.01,98.35,high,low,4,porkbun,,,28/09/2026 18:24
333b2cb3-ba77-466d-8c88-1c337d969a4e,unheard.porn,available,69.98,154.98,medium,low,7,namecheap,,,12/09/2026 12:10
b62b2090-60fc-4d5c-8e63-3986cefbeff2,fumed.porn,available,69.98,154.98,medium,low,5,namecheap,,,18/08/2026 18:20
8d2ee412-d714-4105-836e-8bbd65b8bebb,legislation.porn,available,95.2,95.2,high,low,11,cloudflare,,,30/09/2026 06:03
e27c4a5b-1c85-4f26-9e46-a229dc61c50d,exhibition.porn,available,51.95,98.53,high,low,10,spaceship,,,29/09/2026 18:34
6ab18351-5b20-4556-af74-c358c822c695,rehearse.porn,available,101.87,101.87,high,low,8,dynadot,,,01/10/2026 04:23
68757fdb-99fd-4c67-88fd-09b5d3b7f91b,smarting.porn,available,69.98,154.98,medium,low,8,namecheap,,,10/09/2026 11:48
78cfeb93-74f5-43ef-8a75-892b9f455eec,technique.porn,available,51.95,98.53,high,low,9,spaceship,,,02/10/2026 11:49
2c90a8df-5af1-4dff-9dbf-15638044222b,angular.porn,available,69.98,154.98,high,low,7,namecheap,,,22/09/2026 04:30
9a81d01d-f079-4d7e-8c8c-e96cee087f67,pumps.porn,available,101.87,101.87,medium,low,5,dynadot,,,28/09/2026 17:44
44ae5302-3118-4050-98c2-4dc076ccdac1,mcpherson.porn,available,69.98,154.98,high,low,9,namecheap,,,17/09/2026 21:28
c2ff55fb-e8f4-435b-bc31-c21a944977ea,defiled.porn,available,69.98,154.98,medium,low,7,namecheap,,,13/08/2026 23:24
0e3e4781-1627-4391-9f11-aca0beee0101,masquerade.porn,available,52.01,98.35,high,low,10,porkbun,,,30/09/2026 17:17
6c3a5958-136e-490b-b1d1-4f3f2aee71a6,defining.porn,available,69.98,154.98,high,low,8,namecheap,,,10/09/2026 06:00
8292e8ac-4c9c-43c6-8020-741aa9f6c0f2,fought.porn,available,154.98,,medium,low,6,namecheap,,,
2479c7ce-b5a0-426d-a3d0-f9aae04a1242,banishment.porn,available,69.98,154.98,medium,low,10,namecheap,,,22/09/2026 02:06
bb1d263b-4179-4024-8630-1418ef5701ed,bout.porn,available,101.87,101.87,high,low,4,dynadot,,,28/09/2026 18:28
eb8f7cdf-1971-457e-ba21-baf31488831b,dore.porn,available,69.98,154.98,medium,low,4,namecheap,,,01/10/2026 10:12
674d97ba-bded-4d6a-bce4-7554fefdda68,staring.porn,available,69.98,154.98,high,low,7,namecheap,,,21/09/2026 22:19
6840ba7a-67cc-4fcd-839a-678b8ee7054c,offered.porn,available,51.95,98.53,medium,low,7,spaceship,,,02/10/2026 19:28
29060990-5844-4b36-8fb9-a826aee66b6a,davey.porn,available,51.95,98.53,medium,low,5,spaceship,,,28/09/2026 07:55
fd56ddce-4597-4293-9a21-a6da1ff3b9cd,aery.porn,available,69.98,154.98,high,low,4,namecheap,,,
6c0ad5e9-a9f0-4379-8000-986136c10a82,albedo.porn,available,69.98,154.98,high,low,6,namecheap,,,18/09/2026 02:30
c3100f3f-1406-4bb7-bd37-088224ae4c8d,scripture.porn,available,69.98,154.98,high,low,9,namecheap,,,23/09/2026 12:48
e465dda2-2374-46e1-a68a-f91809271ad4,abaxial.porn,available,69.98,154.98,medium,low,7,namecheap,,,
53bfc8da-015a-4e5e-9015-3795854360e6,carniola.porn,available,51.95,98.53,medium,low,8,spaceship,,,03/10/2026 05:44
8ce8c2d1-22cf-40cf-b3ff-c3b0a06dd6e0,topologic.porn,available,69.98,154.98,medium,low,9,namecheap,,,11/09/2026 17:52
cf4ffe4e-b9bf-4ce2-bfc1-23b316373aa8,recap.porn,available,95.2,95.2,high,low,5,cloudflare,,,30/09/2026 09:13
abc3903a-43cf-410f-90f9-6d43b0f2c67e,agrimony.porn,available,69.98,154.98,medium,low,8,namecheap,,,17/09/2026 19:30
96b50fa6-3b9f-40bf-a077-388245b06e23,omen.porn,available,69.98,154.98,high,low,4,namecheap,,,27/09/2026 07:13
76f70eea-5afd-4819-83df-914da19cb8b1,therapist.porn,available,99.99,189.99,high,low,9,godaddy,,,28/09/2026 02:06
b4dac05b-fa12-4f69-9f7f-34e27d57f83e,sumbuddy.porn,available,95.2,95.2,low,low,8,cloudflare,,,02/10/2026 04:45
9435750d-aeaa-4b97-b41a-d9c958b91fbc,dighted.porn,available,69.98,154.98,low,low,7,namecheap,,,14/08/2026 07:17
f35f6671-aa9b-4048-ac95-8d9fef8f6e4b,churlish.porn,available,69.98,154.98,medium,low,8,namecheap,,,12/08/2026 07:49
aac92566-0c6b-4958-b2b3-05256ffd6559,nonstick.porn,available,69.98,154.98,medium,low,8,namecheap,,,03/09/2026 20:45
70935f6b-3da1-4da0-8048-fd3f2777fa88,aldershot.porn,available,51.95,98.53,medium,low,9,spaceship,,,29/09/2026 15:14
5219a434-6611-4bc9-97c7-94c531ca41bc,histrionic.porn,available,69.98,154.98,medium,low,10,namecheap,,,21/08/2026 09:57
fb039236-223e-40bd-bcf8-13da5c657b4c,shortened.porn,available,69.98,154.98,high,medium,9,namecheap,,,10/09/2026 06:48
ac300709-ee3f-48aa-9664-98fcb154b3be,tailless.porn,available,69.98,154.98,medium,low,8,namecheap,,,05/08/2026 21:33
0e5346ff-0ee7-48e0-b9bb-b363a722fe5d,kinky.porn,resell,,,high,low,5,"Name.com, Inc.",09/06/2017 14:27,09/06/2027 14:27,26/09/2026 07:05
ab980f6b-e6e6-4a1e-97a0-509cff4767e2,peek.porn,resell,,,high,low,4,,,,28/09/2026 19:21
5d90d8d8-e65a-4e60-80e8-3acb9e72123f,debts.porn,available,51.95,98.53,low,low,5,spaceship,,,28/09/2026 04:25
f4c8ffea-0894-4b51-ab05-4a3445706af9,aphelion.porn,available,69.98,154.98,medium,low,8,namecheap,,,19/09/2026 16:55
decdfaf6-0aae-48c5-a8ab-68793e3e2d4d,risen.porn,available,51.95,98.53,high,low,5,spaceship,,,27/09/2026 15:29
e78bfa6c-265e-4db2-905a-a090adf084a8,burry.porn,available,,,medium,low,5,,,,
ddff1d58-e236-4baa-ba9a-9434333f34db,overactive.porn,available,69.98,154.98,medium,low,10,namecheap,,,21/08/2026 16:42
349d94f1-c09b-4d04-8321-6647f21b41d8,finley.porn,available,101.87,101.87,high,low,6,dynadot,,,28/09/2026 04:02
085c888f-e61e-445f-b661-6a86783c66f6,victories.porn,available,179.99,179.99,medium,low,9,name.com,,,18/09/2026 09:23
f2af974b-b6dc-4c1c-a24f-7e91c675ebc3,sayyid.porn,available,95.2,95.2,medium,low,6,cloudflare,,,30/09/2026 11:49
6787060f-7a8e-4373-8d03-d085feb62184,submitted.porn,available,51.95,98.53,medium,low,9,spaceship,,,29/09/2026 10:53
708bdf32-48b8-4073-8504-7220f85ac1ae,functions.porn,available,69.98,154.98,medium,low,9,namecheap,,,17/09/2026 05:18
0a06d261-a123-429b-9f85-f272a7b35dc3,sizeable.porn,available,69.98,154.98,high,low,8,namecheap,,,20/08/2026 16:40
ee43cbd8-87ba-4a5e-8ee4-98a4161aed1d,hearts.porn,available,69.98,154.98,high,low,6,namecheap,,,29/09/2026 22:26
520e57f4-ee69-4b3d-9a7d-ab093e948db4,folder.porn,available,101.87,101.87,high,low,6,dynadot,,,29/09/2026 03:36
dcb03012-01e0-4ad3-be15-4184d759466a,rugs.porn,available,69.98,154.98,medium,low,4,namecheap,,,02/10/2026 03:20
24ff499c-6adb-4a0b-824d-401981496027,stove.porn,available,69.98,154.98,high,low,5,namecheap,,,19/09/2026 18:48
a21f7af6-3a0c-416f-b03e-0496a1a8cdc7,clarksburg.porn,available,95.2,95.2,high,low,10,cloudflare,,,02/10/2026 14:39
7a7b5e27-5379-47c1-b766-9bffdd361bae,owensboro.porn,available,95.2,95.2,medium,low,9,cloudflare,,,03/10/2026 01:45
91f158d1-674e-4f77-81de-47a62d70eac1,burrows.porn,available,51.95,98.53,medium,low,7,spaceship,,,29/09/2026 03:16
4a51c0bd-c228-4605-8342-badd0fe19f5c,atonic.porn,available,69.98,154.98,low,low,6,namecheap,,,07/08/2026 13:54
8081a087-7f99-463f-9146-37684572871a,cheeks.porn,available,51.95,98.53,medium,low,6,spaceship,,,29/09/2026 10:13
315f7ccb-3c77-44a6-b7f4-0119b9899b86,duodecimal.porn,available,69.98,154.98,medium,low,10,namecheap,,,14/08/2026 21:19
4cd05215-181e-4823-b72f-42a2869c4c1e,aluminium.porn,available,69.98,154.98,high,low,9,namecheap,,,18/09/2026 00:20
5de258b6-b236-4c97-881c-09a2650cedf4,unopen.porn,available,69.98,154.98,medium,low,6,namecheap,,,10/09/2026 07:06
97cecc6d-eaae-4b5b-a3da-3607df64c63f,genocide.porn,available,51.95,98.53,high,low,8,spaceship,,,30/09/2026 01:43
16ee7cea-6c3d-417d-bcd4-50e2b642c2ac,order.porn,available,179.99,179.99,high,medium,5,name.com,,,23/09/2026 20:44
af084e87-e636-4cd8-a6df-52d080acaf50,exits.porn,available,69.98,154.98,medium,low,5,namecheap,,,28/09/2026 17:05
21cf35f8-e581-461b-8e53-75372c8822b8,verne.porn,available,101.87,101.87,medium,low,5,dynadot,,,29/09/2026 01:27
87d36cc3-c25c-441d-a304-26eeddf32230,ocala.porn,available,51.95,98.53,high,low,5,spaceship,,,02/10/2026 10:50
9872b712-64b6-4811-856e-20695ce2df33,enchained.porn,available,69.98,154.98,medium,low,9,namecheap,,,12/08/2026 01:24
c4c527be-6029-4d8b-b319-9b25c9e19933,marlon.porn,available,51.95,98.53,high,low,6,spaceship,,,29/09/2026 15:44
7e543b32-a546-473d-9efc-05a047fde77b,shirt.porn,available,95.2,95.2,high,low,5,cloudflare,,,30/09/2026 11:09
e0c5abb7-c7f0-4e86-afb4-4b5bbc583cc1,anthus.porn,available,69.98,154.98,medium,low,6,namecheap,,,19/09/2026 14:02
19d87331-48c2-41b5-84a3-19f24cf60c8d,greater.porn,available,69.98,154.98,high,low,7,namecheap,,,20/08/2026 19:38
5d044166-9753-4625-a887-5f52c921e639,murfreesboro.porn,available,52.01,98.35,medium,low,12,porkbun,,,02/10/2026 01:04
4177051f-9fb8-4aa1-a77e-5af1eaffb85c,minister.porn,available,69.98,154.98,high,low,8,namecheap,,,24/09/2026 20:20
17418508-afd6-4bf1-8cab-22caeb1404c8,amnio.porn,available,69.98,154.98,medium,low,5,namecheap,,,18/09/2026 22:23
207603f4-2fb1-42b2-96d5-36a3a205df75,heaps.porn,available,69.98,154.98,high,low,5,namecheap,,,14/09/2026 23:17
d9b7c7bd-ebba-48b3-8674-ab7886bf87db,bat.porn,resell,,,high,low,3,"GoDaddy.com, LLC",14/05/2015 02:24,14/05/2028 02:24,26/09/2026 04:18
956fbd9a-ef04-40ad-bf5d-df0f7d60e4a7,publicist.porn,available,52.01,98.35,high,low,9,porkbun,,,30/09/2026 10:55
3fba2580-90f5-47b4-940e-9a2d98248df9,unladylike.porn,available,69.98,154.98,medium,low,10,namecheap,,,12/09/2026 14:39
cb8cdc9b-47f6-4ecc-a26b-94ba010cd93d,miriam.porn,available,51.95,98.53,high,low,6,spaceship,,,28/09/2026 03:46
fb84152e-af62-4f4b-baf7-1c6ae22fd206,outclassed.porn,available,69.98,154.98,medium,low,10,namecheap,,,04/09/2026 19:12
88b74232-5de6-4d26-8a12-fd8589ab8b9b,alertness.porn,available,69.98,154.98,high,low,9,namecheap,,,18/09/2026 05:27
9b61fff9-46ab-4346-86de-623a4a3199f4,jerky.porn,available,69.98,154.98,high,low,5,namecheap,,,06/08/2026 22:03
e3e83f1b-1e45-4a3d-9e8c-712939739ad9,xinhua.porn,available,95.2,95.2,high,low,6,cloudflare,,,30/09/2026 05:40
89a89b4b-4bac-491b-a8c1-4ccc97fd3177,nas.porn,available,69.98,154.98,high,medium,3,namecheap,,,25/09/2026 13:48
b8dfc299-4326-48a9-a08d-c3e4d00b166c,delineate.porn,available,69.98,154.98,medium,low,9,namecheap,,,14/08/2026 00:39
66019673-63b2-42c0-a106-578b0d15017f,disassemble.porn,available,95.2,95.2,high,low,11,cloudflare,,,01/10/2026 23:52
b005f6c3-4804-458c-92e2-3db4beaad7cb,provably.porn,available,69.98,154.98,medium,low,8,namecheap,,,14/09/2026 11:29
149c071d-88d0-45ee-afdc-b9fa56b35c4d,mfr.porn,available,69.98,154.98,high,low,3,namecheap,,,01/10/2026 07:03
d65abf50-0860-4c66-b280-8cf4c2a04bfd,stoically.porn,available,69.98,154.98,medium,low,9,namecheap,,,16/09/2026 07:14
5e4a78e7-6d3f-45ff-ad91-d884cff8bf41,diabolical.porn,available,69.98,154.98,medium,low,10,namecheap,,,14/08/2026 01:30
8b0473ce-1d06-4c7f-af1c-003b38874b24,arnie.porn,available,51.95,98.53,high,low,5,spaceship,,,02/10/2026 19:57
db886528-f99b-4f5d-b106-4a8593107cd9,musicianship.porn,available,51.95,98.53,high,low,12,spaceship,,,03/10/2026 02:33
48aef4d1-3104-4698-a1ab-89692c9c19f4,charging.porn,available,95.2,95.2,high,low,8,cloudflare,,,28/09/2026 04:40
651155a2-650e-4e49-8106-f4b162a3c0ea,velocities.porn,available,69.98,154.98,medium,low,10,namecheap,,,18/09/2026 19:40
7cc7e5f5-35e3-431f-bc18-37c148e1f9f7,companion.porn,available,69.98,154.98,high,low,9,namecheap,,,24/09/2026 16:40
3b899d2e-0bc6-40f0-a712-dbcb392bb7c3,acned.porn,available,69.98,154.98,low,low,5,namecheap,,,
b13d05e8-0a0d-4142-b769-7638b08f90a5,leakage.porn,available,101.87,101.87,high,low,7,dynadot,,,01/10/2026 20:17
5dfaac1a-1c02-4532-bea1-990bffd79877,cyberspace.porn,available,51.95,98.53,high,low,10,spaceship,,,02/10/2026 11:42
cb1c375e-af18-4626-afeb-8a009361e9b7,longwise.porn,available,69.98,154.98,medium,low,8,namecheap,,,22/08/2026 23:42
5c321f9b-c9ba-4d78-af3e-56981a8f557a,paving.porn,available,101.87,101.87,high,low,6,dynadot,,,01/10/2026 03:16
099d115e-19c1-42b3-8f86-fb43deda188f,welcome.porn,available,69.98,154.98,high,low,7,namecheap,,,13/09/2026 10:12
29b7e015-f5a3-4c66-9067-c869c1dc384d,cordelia.porn,available,51.95,98.53,high,low,8,spaceship,,,29/09/2026 22:19
3d0dfbf3-d48a-4985-93ec-108d8287b3dc,anzio.porn,available,179.99,179.99,medium,low,5,name.com,,,19/09/2026 16:01
aa0099d0-440e-4cd4-b9ac-adf5298bbb94,aunts.porn,available,179.99,179.99,medium,low,5,name.com,,,18/09/2026 15:51
f0626910-c1ef-4f41-9de7-b4dbe98c4f37,prague.porn,available,51.95,98.53,medium,low,6,spaceship,,,29/09/2026 00:35
66214960-b34d-45db-80e1-1ef283dcb32d,candidates.porn,available,95.2,95.2,low,low,10,cloudflare,,,28/09/2026 17:58
06f816c2-7a46-46a2-8918-86caf8ec7268,lividly.porn,available,69.98,154.98,low,low,7,namecheap,,,15/09/2026 12:36
5288159c-4120-46a9-b301-425ceb6a3e3b,regime.porn,available,69.98,154.98,high,low,6,namecheap,,,21/09/2026 05:23
e7c9d6e4-2b48-4422-a48e-ff148e953087,tike.porn,available,69.98,154.98,medium,low,4,namecheap,,,25/08/2026 00:12
91b14689-4d41-407d-95e2-8cbf0400d079,reductive.porn,available,69.98,154.98,high,medium,9,namecheap,,,09/09/2026 12:25
8a681462-048c-4815-a000-3427346e2415,prn.porn,available,69.98,154.98,medium,low,3,namecheap,,,13/09/2026 21:26
b6d98434-4027-4351-8d15-2f3050cbdb73,pitches.porn,available,101.87,101.87,medium,low,7,dynadot,,,30/09/2026 14:41
8c0066e1-4030-4254-8d75-22d7ebf9434e,wealthily.porn,available,69.98,154.98,medium,low,9,namecheap,,,16/09/2026 11:21
aed43a5d-2fba-458d-9706-a47646f388c5,escorted.porn,available,51.95,98.53,high,low,8,spaceship,,,29/09/2026 17:28
34c54cd9-7f69-44b1-8425-073bc49881e8,lasting.porn,available,69.98,154.98,high,low,7,namecheap,,,24/09/2026 12:31
992497ae-7fb9-41da-bc32-dd68dba96a51,trivial.porn,available,69.98,154.98,high,low,7,namecheap,,,24/09/2026 17:54
e6f56a31-27d2-428d-8f2c-b88ee5bacd15,acuate.porn,available,69.98,154.98,medium,low,6,namecheap,,,
c00a321b-9dfb-4736-a3bb-fcd6fa65bfc3,monrovia.porn,available,51.95,98.53,medium,low,8,spaceship,,,30/09/2026 00:57
70f5b72e-b930-4c50-86ce-533e6330bf68,unwearable.porn,available,69.98,154.98,medium,low,10,namecheap,,,12/09/2026 22:31
df9e6ee3-5fe1-49a9-afc8-d6abe00b6558,bats.porn,available,,,high,low,4,,,,
25fc128a-ae84-448d-86bd-46469a13d548,crescendo.porn,available,69.98,154.98,high,low,9,namecheap,,,13/08/2026 06:09
06bb4493-aed3-454f-97fb-4c4d02b6a1e1,electoral.porn,available,69.98,154.98,medium,low,9,namecheap,,,16/08/2026 02:37
2b648254-b5a5-4857-92c9-efd48eae2699,bruckner.porn,available,69.98,154.98,medium,low,8,namecheap,,,19/09/2026 15:26
1a9e9ca1-a30a-4a0d-90c3-997190bf5f23,mover.porn,available,69.98,154.98,high,low,5,namecheap,,,02/10/2026 05:49
44d7fb9d-b760-409c-b556-6f9d2a7e87dc,brayton.porn,available,69.98,154.98,medium,low,7,namecheap,,,03/10/2026 05:45
c9b064a0-cbb9-438c-b21c-9d5e3ae81120,pavlovian.porn,available,69.98,154.98,medium,low,9,namecheap,,,08/09/2026 10:55
2c867b07-61af-4b7f-8d90-cbfe84e78ad1,corruption.porn,available,69.98,154.98,medium,low,10,namecheap,,,29/09/2026 11:41
11884321-d930-491e-92c5-4bdfe562080d,relations.porn,available,95.2,95.2,high,low,9,cloudflare,,,30/09/2026 09:32
0df2c17a-06a0-45cc-9c46-52f84599832e,unquestionable.porn,available,154.98,,medium,low,14,namecheap,,,
facb6801-dae8-4cfd-9948-5d14b0334619,blanche.porn,available,69.98,154.98,medium,low,7,namecheap,,,26/09/2026 03:36
2f506c61-35fe-4bae-81b0-03ed18b5a2ec,starvation.porn,available,69.98,154.98,medium,low,10,namecheap,,,10/09/2026 19:06
c8c14c6e-2b39-41a2-96d2-576f8753134c,stearns.porn,available,51.95,98.53,medium,low,7,spaceship,,,28/09/2026 12:25
6d286ff3-cf76-4d4f-8f82-26cd0bcdea11,pathless.porn,available,69.98,154.98,medium,low,8,namecheap,,,08/09/2026 10:25
f05dae9d-b7f0-450e-878c-5ecfcfac3a01,inflight.porn,resell,,,high,low,9,"GoDaddy.com, LLC",29/06/2026 09:12,29/06/2027 09:12,02/10/2026 11:40
82cb5ab2-7001-441d-8428-411c28320e3b,wormy.porn,available,69.98,154.98,medium,low,5,namecheap,,,13/08/2026 06:43
28ee03c4-8c21-45c6-a7cc-902101fbd5bd,bacterium.porn,available,69.98,154.98,medium,low,9,namecheap,,,21/09/2026 16:30
43f8e52b-9552-4c09-b645-2699e71e1b7e,questioner.porn,available,69.98,154.98,medium,low,10,namecheap,,,20/09/2026 14:25
47d4d6fe-f331-46e6-8885-aec7a0b4bcf6,lang.porn,available,95.2,95.2,high,low,4,cloudflare,,,01/10/2026 04:56
1fb8666b-fdf7-4e85-acbe-948ea94231bd,cipher.porn,available,69.98,154.98,high,low,6,namecheap,,,08/09/2026 15:11
962a6eff-4c0a-4b30-87a5-e359ff0bb6bb,baleen.porn,available,69.98,154.98,medium,low,6,namecheap,,,21/09/2026 21:51
135a0da8-f3df-4740-873d-717385ed8f5d,critically.porn,available,95.2,95.2,medium,low,10,cloudflare,,,28/09/2026 14:26
d88c4c60-fcc5-42e7-a7cd-1732b969f714,snarled.porn,available,69.98,154.98,high,medium,7,namecheap,,,10/09/2026 12:19
f61f65da-bea3-4100-aa76-19415c20b760,flanges.porn,available,51.95,98.53,low,low,7,spaceship,,,30/09/2026 15:50
43d9f833-a69e-49c4-ad45-283218bdf9c2,cowboy.porn,available,95.2,95.2,high,low,6,cloudflare,,,29/09/2026 11:56
8aa741d8-fb9c-470f-a9cf-1c663f51c83e,balletic.porn,available,69.98,154.98,high,low,8,namecheap,,,08/08/2026 10:26
febdc600-3d33-4be1-8099-751938e4c265,chavez.porn,available,69.98,154.98,high,low,6,namecheap,,,28/09/2026 01:29
bf0bc079-e570-4736-a3d6-ed9dc796e706,grandes.porn,available,95.2,95.2,medium,low,7,cloudflare,,,01/10/2026 01:08
677a0ef9-0f10-4f35-bd55-1445401409df,disparity.porn,available,51.95,98.53,medium,low,9,spaceship,,,29/09/2026 16:06
ce054de2-899f-4bf9-be24-e8b573ce2b73,peers.porn,available,95.2,95.2,high,low,5,cloudflare,,,29/09/2026 16:27
bb580c04-4082-4036-a536-9ebd674d1321,exclusive.porn,available,69.98,154.98,high,low,9,namecheap,,,17/08/2026 16:33
45be673e-c0e0-49b8-961b-0b19c864f117,luigi.porn,available,69.98,154.98,high,low,5,namecheap,,,27/09/2026 07:36
6edf1523-732c-4758-9621-8d81dffda766,elaine.porn,available,69.98,154.98,high,low,6,namecheap,,,25/09/2026 15:24
5563ec6b-6091-4b42-a385-12836333ded6,niall.porn,available,51.95,98.53,medium,low,5,spaceship,,,01/10/2026 08:02
fc660425-db38-4d25-8567-8dd620cf25b4,nevus.porn,available,69.98,154.98,medium,low,5,namecheap,,,23/09/2026 21:15
f0401c7b-7f13-4d29-adc1-1b50dcdfb19e,delays.porn,available,51.95,98.53,low,low,6,spaceship,,,29/09/2026 17:36
20559c57-f74d-47be-b71c-4bfdef371c26,guile.porn,available,69.98,154.98,medium,low,5,namecheap,,,13/08/2026 10:41
ed41eb29-cc2b-4254-a126-951bd91c93cd,inordinate.porn,available,69.98,154.98,medium,low,10,namecheap,,,17/08/2026 16:17
1fe27e35-fbff-4fe8-ac4b-baa191c339a4,dominion.porn,available,69.98,154.98,high,low,8,namecheap,,,24/09/2026 23:09
97d38ce5-cf60-4fbc-8146-85606c3b960b,maureen.porn,available,95.2,95.2,medium,low,7,cloudflare,,,27/09/2026 19:11
227c1644-1745-45f8-9517-6319da30dd89,agnostical.porn,available,69.98,154.98,medium,low,10,namecheap,,,
8eb03957-3e49-43f6-b49a-0b006cac301c,misused.porn,available,69.98,154.98,medium,low,7,namecheap,,,25/08/2026 01:56
277749e5-6e30-41bc-a338-5da3294e3f35,cloggy.porn,available,69.98,154.98,medium,low,6,namecheap,,,12/08/2026 11:46
9696da9b-1fe4-42ba-a9b8-376c221c81ee,risible.porn,available,69.98,154.98,medium,low,7,namecheap,,,12/08/2026 19:02
72fbe3cb-c54d-4ff3-b29a-95e73f9d514f,collection.porn,available,51.95,98.53,high,low,10,spaceship,,,02/10/2026 04:23
0ce9fc61-5341-4e28-bfd0-736d8eb5c440,queasy.porn,available,69.98,154.98,medium,low,6,namecheap,,,24/08/2026 08:26
0dceba06-5145-4a5a-8825-d845171da542,prostitutes.porn,available,52.01,98.35,low,low,11,porkbun,,,28/09/2026 23:58
8107271a-010c-41c3-903d-6361f5dafbfc,creditably.porn,available,69.98,154.98,medium,low,10,namecheap,,,14/09/2026 09:30
fe6f9a0e-536f-43c0-9235-b939ef849cac,dslr.porn,available,51.95,98.53,high,low,4,spaceship,,,02/10/2026 01:25
cfe05e33-0124-46ea-aebd-9587b469e596,trimming.porn,available,51.95,98.53,high,low,8,spaceship,,,02/10/2026 06:00
f8c21306-e33e-40ff-9d73-405ae0acf4ae,montfort.porn,available,99.99,189.99,medium,low,8,godaddy,,,30/09/2026 01:27
398e3140-483a-4e65-b717-5782e3457eb3,cheating.porn,premium,310,310,medium,low,8,name.com,,,12/08/2026 03:32
4f8400bf-b5c1-4402-a973-3fa43cf026ee,dumbbell.porn,available,69.98,154.98,high,low,8,namecheap,,,24/09/2026 06:44
97a9753b-853d-4c86-976c-8e1785237798,dulles.porn,available,51.95,98.53,medium,low,6,spaceship,,,28/09/2026 13:55
d5b112d3-b02b-449d-ab21-8a459fb45cd2,nogales.porn,available,53.72,101.87,medium,low,7,dynadot,,,02/10/2026 16:13
30e329a4-a4a0-4dde-ba59-d1f695f2efed,suture.porn,available,51.95,98.53,high,low,6,spaceship,,,03/10/2026 00:44
5995cc53-1f26-4e31-bf9f-a6361ccd6df1,snarly.porn,available,69.98,154.98,high,medium,6,namecheap,,,10/09/2026 12:20
75d1af0c-bb0d-4239-bb9b-6abf871297cd,pivotal.porn,available,69.98,154.98,high,medium,7,namecheap,,,08/09/2026 20:11
a3c343ac-f636-4667-90ef-2f0ae0be68f1,guilty.porn,available,69.98,154.98,high,low,6,namecheap,,,20/08/2026 20:50
442fd5ec-d9ab-431d-bfbf-651a0abf5e18,modeled.porn,available,69.98,154.98,high,low,7,namecheap,,,25/08/2026 02:51
348f7ba9-da5c-4577-83a4-7aa3bcb5ad84,bronchial.porn,available,69.98,154.98,medium,low,9,namecheap,,,11/08/2026 05:35
87d5cf20-1ff8-4902-ba67-6aee2138c656,compostela.porn,available,52.01,98.35,medium,low,10,porkbun,,,02/10/2026 20:47
948b9c3e-9c1f-4afd-b3ba-bdb39dd81ae1,nang.porn,available,101.87,101.87,high,low,4,dynadot,,,30/09/2026 19:24
e1d4cbdf-095e-417c-bdf1-8508a4d6b6ef,corps.porn,available,95.2,95.2,high,low,5,cloudflare,,,28/09/2026 22:09
2653d683-5cab-47d0-9698-31ed6fa48d59,genially.porn,available,69.98,154.98,medium,low,8,namecheap,,,13/09/2026 17:52
d81c87b3-9e49-4203-b188-764ad79fdd54,requirement.porn,available,51.95,98.53,high,low,11,spaceship,,,01/10/2026 04:08
c85cd746-3bfb-449c-8658-54edf453a575,cumbersome.porn,available,69.98,154.98,medium,low,10,namecheap,,,13/08/2026 10:25
0df6ac90-1f39-4c63-b9ab-1bda1d8caf1a,undeterred.porn,available,69.98,154.98,medium,low,10,namecheap,,,12/09/2026 07:59
e3db35d7-db76-4833-ae7d-023cd36fb4c0,checker.porn,available,69.98,154.98,high,low,7,namecheap,,,24/09/2026 13:59
38eeb3ae-2313-44f4-8ac3-ac44e427d6be,neuter.porn,available,69.98,154.98,medium,low,6,namecheap,,,03/09/2026 16:30
df03947f-3a12-4a65-9f7e-c8f78446887d,keel.porn,available,51.95,98.53,high,low,4,spaceship,,,02/10/2026 04:16
cf1c1a19-c62a-470a-b2f9-cb27c769f472,midsummer.porn,available,51.95,98.53,high,low,9,spaceship,,,01/10/2026 20:12
f56fd7ae-1974-4eb9-b201-da189deb3398,autostrada.porn,available,69.98,154.98,medium,low,10,namecheap,,,21/09/2026 07:54
60acb7ee-d935-4eb9-8b9a-837cd870b253,regorge.porn,available,69.98,154.98,high,medium,7,namecheap,,,10/09/2026 07:36
b018fce9-8b40-45c2-adb8-0e2405617d1f,cleavage.porn,available,69.98,154.98,high,low,8,namecheap,,,24/09/2026 15:29
d2994a3a-a611-4a11-8822-76d2c2d36474,salem.porn,available,51.95,98.53,high,low,5,spaceship,,,29/09/2026 18:13
a1cceb33-154c-479e-8005-d6a48d0c8b50,hastings.porn,available,69.98,154.98,high,low,8,namecheap,,,22/09/2026 15:09
111df159-2ed7-4800-bf89-8c07227d4ead,horrors.porn,available,51.95,98.53,medium,low,7,spaceship,,,30/09/2026 00:17
17b84410-715a-4047-b840-ec2fcfe87d40,purau.porn,available,69.98,154.98,medium,low,5,namecheap,,,21/09/2026 22:02
2a736d77-55d0-45ad-bd08-8459c3cb454c,bioethics.porn,available,69.98,154.98,high,low,9,namecheap,,,23/09/2026 17:56
3ea8bfc5-38b8-4663-bfdd-a45b0e814770,mobiles.porn,available,69.98,154.98,medium,low,7,namecheap,,,20/09/2026 08:45
8ea133c6-e9d7-4755-b4f9-9ab13adc386e,crumb.porn,available,69.98,154.98,medium,low,5,namecheap,,,11/08/2026 09:20
52ae2396-0cb4-4a1d-82be-c4adcbe00508,beetling.porn,available,69.98,154.98,medium,low,8,namecheap,,,09/08/2026 08:22
0b3021d9-c125-42a2-b0a4-14d704563f02,advisement.porn,available,69.98,154.98,medium,low,10,namecheap,,,17/09/2026 11:32
77959645-5e15-4c7a-bc37-e4cd9728e52c,abstractor.porn,available,69.98,154.98,high,low,10,namecheap,,,16/09/2026 18:29